지역,umdNm,aptNm,kaptCode,matchType,세대수,시공사,동수,사용승인일
서울 종로구,무악동,현대,A11081503,contains_ambiguous,964.0,현대건설,12,20001021
서울 종로구,숭인동,종로센트레빌,A11087602,exact,416.0,동부건설,6,20081121
서울 중구,신당동,남산타운,A10045301,contains_ambiguous,2034.0,동아건설,7,20020525
서울 중구,신당동,신당푸르지오,A10045001,exact,461.0,대우건설(주),9,20051228
서울 중구,신당동,삼성,A10045401,contains_ambiguous,440.0,삼성물산,3,19991222
서울 중구,중림동,삼성사이버빌리지,A10085903,contains,712.0,삼성물산,12,20010711
서울 중구,신당동,한진해모로,,no_match,,,,
서울 중구,신당동,래미안하이베르,,no_match,,,,
서울 중구,입정동,힐스테이트세운센트럴2단지,A10023343,exact,608.0,현대엔지니어링(주),1,20230307
서울 중구,만리동2가,서울역센트럴자이,A10026881,exact,1341.0,GS건설주식회사,14,20170807
서울 중구,입정동,힐스테이트세운센트럴1단지,A10023356,exact,414.0,(주)현대엔지니어링,1,20230224
서울 용산구,산천동,한강타운,A14004001,exact,289.0,한진건설(주),3,20010222
서울 용산구,산천동,리버힐삼성,A14004002,exact,1102.0,삼성물산,14,20010110
서울 용산구,원효로4가,강변삼성스위트,A14085101,contains,300.0,삼성중공업,3,19991224
서울 용산구,원효로1가,용산더프라임,A14070302,exact,589.0,동아건설,3,20140217
서울 용산구,한남동,시범,,no_match,,,,
서울 용산구,도원동,삼성래미안,A14007002,contains,1458.0,삼성,15,20010803
서울 용산구,한남동,리버탑,A10023379,contains,119.0,신영토건주식회사,1,20010403
서울 용산구,용문동,브라운스톤,A14083101,contains,195.0,이수건설(주),4,20110705
서울 용산구,이촌동,강변,,no_match,,,,
서울 용산구,효창동,세양청마루,,no_match,,,,
서울 용산구,이촌동,이촌시범,A14072702,contains,834.0,코오롤건설,10,19991101
서울 용산구,효창동,효창파크푸르지오,A14074101,exact,307.0,대우건설(주),7,20100831
서울 성동구,금호동4가,서울숲르씨엘,A10020977,exact,108.0,제이앤이건설주식회사,2,20230331
서울 성동구,성수동1가,동아그린,A13384304,contains,331.0,동아건설산업,2,19990611
서울 성동구,성수동2가,금호타운2차아파트,A10022325,contains,141.0,금호건설,1,19970814
서울 성동구,응봉동,신동아,A13385303,contains,434.0,신동아건설(주),4,19960409
서울 성동구,마장동,대성유니드,A13305002,contains,248.0,대성산업,4,20041130
서울 성동구,마장동,현대,A13381608,contains,1017.0,고려산업개발(주),11,19980414
서울 성동구,금호동1가,벽산,A13380104,contains_ambiguous,1707.0,벽산,20,20011203
서울 성동구,성수동2가,성수우방2차아파트,A13383301,exact,221.0,우방건설,1,19991208
서울 성동구,행당동,대림e-편한세상,A13307204,dedong,2399.0,대림산업,31,20001230
서울 성동구,하왕십리동,극동미라주,A13302203,contains_ambiguous,414.0,극동건설,3,20011214
서울 성동구,행당동,신동아,A13307202,exact,636.0,신동아건설,9,19950522
서울 성동구,금호동3가,두산,A13380703,contains,1267.0,두산건설,16,19940916
서울 성동구,금호동3가,금호한신,A13309301,contains,323.0,한신공영,3,20050729
서울 성동구,행당동,두산,A13307001,contains_ambiguous,251.0,두산건설,2,19970704
서울 성동구,응봉동,대림(2차),A13385202,contains,410.0,대림산업,3,19890921
서울 성동구,하왕십리동,왕십리KCC스위첸,A10027432,contains,272.0,KCC건설,3,20160428
서울 성동구,하왕십리동,금호베스트빌,A13302204,contains_ambiguous,458.0,금호건설,6,20011005
서울 성동구,마장동,왕십리삼성아파트,A13305006,exact,430.0,삼성건설(주),5,19961214
서울 성동구,마장동,신성미소지움,,no_match,,,,
서울 성동구,성수동2가,신성미소지움,,no_match,,,,
서울 성동구,옥수동,극동그린,A13384403,contains,583.0,극동건설,5,19971002
서울 성동구,행당동,서울숲 한신 더 휴,A13386702,exact,1410.0,한신공영(주),19,20031223
서울 성동구,응봉동,서울숲리버그린동아아파트,A13385301,exact,375.0,동아건설,5,20030607
서울 성동구,성수동1가,우방,,no_match,,,,
서울 성동구,마장동,마장동중앙하이츠,A13381601,dedong,170.0,중앙건설,2,19990531
서울 성동구,하왕십리동,왕십리풍림아이원,A13302206,exact,758.0,풍림산업(주),15,20041130
서울 성동구,금호동1가,신금호두산위브,A13309101,exact,169.0,두산건설,5,20060331
서울 성동구,마장동,왕십리금호어울림,A13381604,exact,367.0,금호건설(주),6,20060927
서울 광진구,광장동,현대5,A14381512,contains,581.0,현대건설(주),6,19890421
서울 광진구,자양동,자양현대6,A14319003,contains_ambiguous,182.0,고려산업개발,2,19930527
서울 광진구,자양동,한라아파트,A14319307,contains,329.0,한라건설,2,19960831
서울 광진구,구의동,성동강변파크빌101(강변타워),,no_match,,,,
서울 광진구,자양동,우성1,A14319011,contains,656.0,제일은행강동구청주택사업,6,19880913
서울 광진구,자양동,자양현대5,A14319003,contains_ambiguous,182.0,고려산업개발,2,19930527
서울 광진구,구의동,구의현대7단지현대홈타운,A14320001,contains,273.0,(주)마이크로장,3,19971226
서울 광진구,자양동,대동,A14319008,contains,314.0,(주)대동주택,4,19990310
서울 광진구,자양동,로얄동아,A14319009,contains,322.0,(주)동아건설,4,19990916
서울 광진구,광장동,청구,A14381513,contains,654.0,청구주택,4,19960705
서울 광진구,자양동,자양삼성,A14388208,dedong,375.0,삼성물산,4,19990414
서울 광진구,광장동,현대3,A14381415,contains,1056.0,현대그룹제3직장 주택조합,10,19901020
서울 광진구,광장동,삼성광장2,,no_match,,,,
서울 광진구,자양동,우방리버파크,A14319302,contains,214.0,(주) 우방,3,20031014
서울 광진구,자양동,경남,A14386802,contains_ambiguous,232.0,경남기업(주),2,19990601
서울 광진구,화양동,화양현대,A14313001,exact,253.0,현대건설(주),3,19990520
서울 광진구,구의동,현대프라임,A14320304,contains,1592.0,현대건설(주),15,19970328
서울 광진구,자양동,현대3,A14319204,contains,439.0,2022-11-08,2,19961209
서울 동대문구,답십리동,답십리파크자이,A10025754,exact,802.0,gs건설,9,20190122
서울 동대문구,용두동,래미안엘리니티,A10023633,exact,1048.0,삼성물산(주),16,20220830
서울 동대문구,용두동,청량리역해링턴플레이스,A10023389,exact,220.0,효성중공업(주),1,20230130
서울 동대문구,답십리동,청계한신휴플러스,A13003005,exact,725.0,한신공영(주),10,20100812
서울 동대문구,용두동,이편한세상청계센트럴포레,,no_match,,,,
서울 동대문구,답십리동,래미안위브,A13003007,exact,2652.0,"삼성물산,두산건설",32,20141013
서울 동대문구,휘경동,휘경SK뷰,A10025410,exact,900.0,SK건설,8,20190618
서울 동대문구,답십리동,두산위브,A13003003,contains,516.0,두산건설,7,20070426
서울 동대문구,답십리동,힐스테이트청계,A10026104,exact,764.0,현대건설,8,20181130
서울 동대문구,용두동,래미안 허브리츠,A13070301,exact,844.0,삼성물산,10,20110428
서울 동대문구,답십리동,래미안미드카운티,A10026232,exact,1009.0,삼성물산(주) 건설부문,12,20190405
서울 동대문구,전농동,래미안아름숲,A13002002,exact,719.0,삼성물산,15,20120726
서울 동대문구,용두동,용두두산위브,A13007001,exact,338.0,두산건설,6,20090618
서울 동대문구,전농동,동대문롯데캐슬노블레스,A10026180,contains,584.0,롯데건설(주),5,20180629
서울 동대문구,전농동,래미안크레시티,A13071302,exact,2397.0,삼성물산(주),31,20141023
서울 동대문구,전농동,전농SK,A13084804,exact,1830.0,SK건설,16,20000706
서울 동대문구,이문동,래미안이문2차,A13083102,exact,648.0,삼성물산,9,20040413
서울 동대문구,장안동,장안힐스테이트,A13010004,dedong,859.0,현대건설,11,20070804
서울 동대문구,장안동,래미안장안,A13084101,exact,558.0,삼성건설,8,20030430
서울 동대문구,답십리동,e편한세상답십리아르테포레,A10020731,exact,,DL건설,6,20250325
서울 동대문구,휘경동,휘경해모로프레스티지,A10025015,exact,299.0,한진중공업(주),6,20210315
서울 동대문구,휘경동,휘경자이디센시아,A10020570,exact,,GS건설(주),14,20250626
서울 동대문구,장안동,장안현대홈타운(336),A13010006,contains_ambiguous,2182.0,현대건설,22,20031028
서울 동대문구,답십리동,답십리대우,A13080201,exact,319.0,대우건설,4,20020429
서울 동대문구,제기동,한신아파트,A13006101,contains_ambiguous,1070.0,한신공영주식회사,12,20040511
서울 중랑구,면목동,사가정센트럴아이파크,A10024741,exact,1505.0,현대산업개발,11,20200730
서울 중랑구,중화동,리버센SKVIEW롯데캐슬,A10020555,exact,," SK에코플랜트, 롯데건설",8,20250612
서울 중랑구,면목동,라온프라이빗,A10024703,contains,453.0,라온건설(주),4,20200630
서울 노원구,월계동,삼호3,,no_match,,,,
서울 은평구,수색동,DMC파인시티자이,A10023079,exact,1223.0,GS건설(주),15,20230731
서울 은평구,응암동,힐스테이트녹번역,A10024313,exact,879.0,현대건설,11,20221020
서울 은평구,응암동,녹번역e편한세상캐슬,A10024831,exact,2569.0,"대림산업, 롯데건설",32,20210527
서울 은평구,증산동,DMC센트럴자이(2단지),A10023875,contains,1256.0,GS건설,13,20230112
서울 은평구,녹번동,래미안베라힐즈,A10025846,exact,,삼성물산,20,20181227
서울 은평구,수색동,DMCSKVIEW,A10024086,exact,644.0,에스케이건설(주),6,20230824
서울 은평구,수색동,DMC롯데캐슬더퍼스트,A10024828,exact,1192.0,롯데건설,15,20211209
서울 은평구,수색동,DMCSK뷰아이파크포레,,no_match,,,,
서울 은평구,녹번동,북한산푸르지오,A10027816,exact,1230.0,대우건설,22,20150722
서울 은평구,녹번동,힐스테이트녹번,A10025836,exact,,현대힐스테이트,13,20181010
서울 은평구,수색동,DMC아트포레자이,A10023126,exact,672.0,GS건설주식회사,8,20230630
서울 서대문구,남가좌동,래미안루센티아,A10024938,exact,997.0,삼성물산(주),11,20200423
서울 서대문구,남가좌동,DMC에코자이,A10025130,exact,1047.0,GS건설,11,20191227
서울 서대문구,홍제동,서대문푸르지오센트럴파크,A10023560,exact,,(주)대우건설,11,20221028
서울 서대문구,홍제동,홍제센트럴IPARK,,no_match,,,,
서울 서대문구,남가좌동,DMC센트럴아이파크,A10025976,exact,1061.0,HDC현대산업개발,13,20181231
서울 서대문구,남가좌동,DMC파크뷰자이4단지,A10027817,contains,4300.0,"현대산업개발, SK건설, GS건설",61,20151026
서울 서대문구,북아현동,두산,A12079501,contains,956.0,두산건설(주),6,19990303
서울 서대문구,현저동,독립문극동(200-0),A12008003,contains,1300.0,극동건설(주),12,19981210
서울 서대문구,냉천동,돈의문센트레빌,A12070101,exact,561.0,동부건설,14,20110407
서울 서대문구,남가좌동,래미안남가좌2차,A12012101,exact,503.0,삼성건설,10,20051026
서울 서대문구,홍제동,홍제역해링턴플레이스,A10023959,exact,1116.0,효성중공업(주),18,20240327
서울 서대문구,남가좌동,DMC파크뷰자이3단지,A10027817,contains,4300.0,"현대산업개발, SK건설, GS건설",61,20151026
서울 서대문구,홍은동,e편한세상서대문,A10023449,exact,481.0,DL이앤씨(주),6,20230912
서울 서대문구,홍은동,북한산더샵,A10026604,exact,552.0,포스코건설,8,20171218
서울 서대문구,남가좌동,DMC금호리첸시아,A10023709,exact,450.0,금호건설,5,20240125
서울 서대문구,대현동,신촌럭키,A12017001,exact,855.0,럭키건설,10,19990226
서울 서대문구,남가좌동,DMC파크뷰자이5단지,A10027817,contains,4300.0,"현대산업개발, SK건설, GS건설",61,20151026
서울 서대문구,북아현동,e편한세상신촌3단지,A10026370,contains,1910.0,대림산업,22,20180503
서울 서대문구,북가좌동,DMC래미안e편한세상,A12013003,exact,3293.0,"삼성물산, 대림산업",51,20121005
서울 서대문구,남가좌동,DMC파크뷰자이1단지,A10027817,contains,4300.0,"현대산업개발, SK건설, GS건설",61,20151026
서울 서대문구,남가좌동,DMC센트레빌,A12072801,exact,473.0,동부건설,7,20090602
서울 서대문구,남가좌동,DMC파크뷰자이2단지,A10027817,contains,4300.0,"현대산업개발, SK건설, GS건설",61,20151026
서울 서대문구,홍제동,홍제원현대(459-0),A12078704,contains,939.0,현대건설,15,20000614
서울 서대문구,합동,에스케이뷰,,no_match,,,,
서울 서대문구,홍제동,인왕산현대,A12078201,exact,246.0, ,1,20000705
서울 마포구,신정동,서강GS,A12114001,exact,538.0,GS건설,6,19990701
서울 마포구,공덕동,마포현대,A12102005,exact,480.0,현대건설,5,19880509
서울 마포구,성산동,월드컵아이파크(667),,no_match,,,,
서울 마포구,신수동,신촌삼익,A12185606,contains,391.0,(주)삼익주택,4,19970408
서울 마포구,신공덕동,신공덕래미안2차,,no_match,,,,
서울 마포구,상암동,상암월드컵파크2단지,A12127004,exact,657.0,서광산업,7,20031112
서울 마포구,마포동,마포쌍용황금아파트,A12105001,exact,339.0,쌍용,6,20000807
서울 마포구,망원동,마포한강아이파크,A10026053,exact,385.0,HDC현대산업개발,6,20190805
서울 마포구,도화동,마포동원베네스트,A12170401,exact,167.0,동원산업건설,3,20100429
서울 마포구,현석동,밤섬힐스테이트,,no_match,,,,
서울 마포구,신공덕동,신공덕e편한세상,A12179006,exact,128.0,(주)삼호,3,20071018
서울 마포구,신수동,신수동성원,A12185504,dedong,260.0,성원산업개발(주),2,19981215
서울 마포구,염리동,상록,A12187403,contains,678.0,신원건설,6,19970830
서울 마포구,도화동,현대홈타운,A12181404,contains,914.0,현대건설(주),10,20000311
서울 마포구,창전동,창전동현대홈타운,A12188202,dedong,243.0,현대건설(주),5,20050818
서울 마포구,염리동,염리삼성래미안,A12109002,exact,574.0,(주)삼성물산,9,20010328
서울 마포구,창전동,창전래미안,,no_match,,,,
서울 마포구,도화동,한화오벨리스크,A12170402,contains,662.0,한화,1,20041008
서울 마포구,연남동,코오롱,A12186901,contains,466.0,코오롱건설,6,20030628
서울 양천구,신정동,목동2삼성래미안,,no_match,,,,
서울 양천구,신정동,호반써밋목동,A10023886,exact,407.0,호반건설(주),7,20221213
서울 양천구,신월동,목동센트럴아이파크위브2단지,A10024872,contains,3045.0,"HDC현대산업개발, 두산건설(주)",35,20200528
서울 양천구,신정동,래미안목동아델리체(119동~123동),A10024398,contains,1497.0,삼성물산(주),23,20210128
서울 양천구,목동,목동롯데캐슬마에스트로,A10026023,exact,410.0,롯데건설(주),6,20190423
서울 양천구,목동,롯데캐슬위너,A15805303,contains,1067.0,롯데캐슬,13,20050623
서울 양천구,신월동,목동센트럴아이파크위브4단지,A10024872,contains,3045.0,"HDC현대산업개발, 두산건설(주)",35,20200528
서울 양천구,신월동,목동센트럴아이파크위브3단지,A10024872,contains,3045.0,"HDC현대산업개발, 두산건설(주)",35,20200528
서울 양천구,신월동,목동센트럴아이파크위브1단지,A10024872,contains,3045.0,"HDC현대산업개발, 두산건설(주)",35,20200528
서울 양천구,목동,삼익,A15882010,contains,277.0,삼익건설,3,19970628
서울 양천구,목동,진도2,A15882103,contains,179.0,(주)진도,1,19990327
서울 양천구,신월동,롯데캐슬,A15883202,contains_ambiguous,317.0,롯데건설,5,20101014
서울 강서구,마곡동,마곡엠밸리9단지,A10024426,exact,1529.0,한신공영,19,20210215
서울 강서구,화곡동,강서힐스테이트,A15701007,exact,2603.0,현대건설,37,20150819
서울 강서구,화곡동,"우장산아이파크,이편한세상",A15701003,exact,2517.0,"현대산업개발, 대림산업",42,20080108
서울 강서구,염창동,동아3,A15786227,contains,570.0,동아건설,8,19990118
서울 강서구,염창동,염창1차한화꿈에그린,A15786424,dedong,422.0,한화건설,7,20050401
서울 강서구,가양동,강서한강자이,A15720001,exact,790.0,gs건설,10,20130925
서울 강서구,마곡동,마곡13단지힐스테이트마스터,A10026879,exact,1194.0,현대엔지니어링,22,20170410
서울 강서구,내발산동,우장산힐스테이트,A15728009,exact,2198.0,"현대건설,현대산업개발,한진중공업",40,20050504
서울 강서구,화곡동,우장산숲아이파크,A10023515,exact,576.0,현대산업개발(주),10,20221201
서울 강서구,가양동,가양6단지,A15780905,exact,1476.0,남광토건(주),15,19921118
서울 강서구,내발산동,마곡수명산파크4단지,A15728006,exact,919.0,TEC건설,14,20080220
서울 강서구,내발산동,마곡수명산파크5단지,A15728007,exact,948.0,성원건설(주),19,20080610
서울 강서구,마곡동,마곡힐스테이트,A10027687,exact,603.0,현대건설,8,20170803
서울 강서구,마곡동,마곡푸르지오,,no_match,,,,
서울 강서구,염창동,삼정그린코아,A15786408,exact,206.0,삼정건설,3,20010531
서울 강서구,마곡동,한솔솔파크,A15721004,contains,258.0,한솔건설(주),6,20050214
서울 강서구,염창동,e편한세상염창,A10025600,exact,499.0,대림산업,6,20190308
서울 강서구,등촌동,주공3,,no_match,,,,
서울 강서구,마곡동,마곡엠벨리(15단지),,no_match,,,,
서울 강서구,마곡동,마곡엠밸리8단지,A10027433,exact,531.0,한진중공업,10,20160722
서울 강서구,가양동,가양강나루현대,A15780401,exact,642.0,고려산업개발(주),9,19990326
서울 강서구,염창동,태진한솔,A15786222,contains,356.0,태진건설,5,19941005
서울 강서구,염창동,동아,A15786420,contains_ambiguous,348.0,신동아건설,3,19951213
서울 강서구,등촌동,주공10,A15703306,contains,566.0,거성건설,5,19951010
서울 강서구,염창동,성원,A15704017,contains,297.0,성원건설,3,20010630
서울 강서구,등촌동,주공5,A15703309,contains,1045.0,대한주택공사,9,19951010
서울 구로구,신도림동,대림1,A15288814,contains,2298.0,대림,27,19991127
서울 구로구,신도림동,대림2,,no_match,,,,
서울 구로구,신도림동,동아1,A15288813,contains,1095.0,한신공영(주),11,19991130
서울 구로구,신도림동,동아2,A15288809,contains,655.0,동아건설산업(주),5,20000517
서울 구로구,신도림동,동아3,A15288810,contains,813.0,동아건설산업,9,20001114
서울 구로구,구로동,신도림태영타운,A15205513,exact,1252.0,(주)태영,13,20001222
서울 구로구,신도림동,디큐브시티,A15277302,contains,524.0,대성산업,2,20110718
서울 구로구,구로동,신도림롯데아파트,A15205511,exact,718.0,(주)롯데건설,11,19991127
서울 구로구,신도림동,현대홈타운아파트,A15288803,dedong,260.0,현대건설,5,19990413
서울 영등포구,양평동5가,양평한신,A15010502,exact,1215.0,한신공영(주),10,19960401
서울 영등포구,영등포동7가,포레나영등포센트럴,A10024567,exact,,(주)한화건설,2,20201026
서울 영등포구,신길동,래미안영등포프레비뉴,,no_match,,,,
서울 영등포구,당산동1가,진로,A15080002,contains,461.0,진로건설,4,19970829
서울 영등포구,양평동3가,양평현대6차,,no_match,,,,
서울 영등포구,당산동4가,당산현대3차,A15004406,exact,509.0,현대건설,6,19881228
서울 영등포구,문래동3가,문래공원한신,A15083602,exact,367.0,한신공영,2,19880719
서울 영등포구,신길동,신길센트럴아이파크,A10025562,exact,612.0,HDC현대산업개발,6,20190228
서울 영등포구,대림동,e편한세상영등포아델포레,A10024725,exact,859.0,대림산업(주),13,20200728
서울 영등포구,당산동4가,당산현대5차,A15080507,exact,976.0,현대산업개발(주),13,20000327
서울 영등포구,영등포동,영등포푸르지오,A15003002,exact,2462.0,대우건설,31,20020531
서울 영등포구,문래동6가,e편한세상 문래 에듀플라츠,A10024495,exact,263.0,대림건설(주),4,20200924
서울 영등포구,신길동,더샵파크프레스티지,A10023715,exact,799.0,포스코건설,9,20221125
서울 영등포구,당산동4가,당산삼성2차,,no_match,,,,
서울 영등포구,신길동,보라매경남아너스빌,A15086006,exact,669.0,경남기업,9,20050812
서울 영등포구,당산동5가,당산효성1차,,no_match,,,,
서울 영등포구,영등포동2가,센트레빌아스테리움영등포아파트,A10022098,exact,156.0,동부건설,2,20240726
서울 영등포구,양평동4가,삼호한숲,A15086702,exact,216.0,진흥연립재건축조합,2,20000229
서울 영등포구,신길동,신길센트럴자이아파트,A10025024,exact,1008.0,GS건설,12,20210413
서울 영등포구,양평동1가,영등포중흥에스클래스,,no_match,,,,
서울 영등포구,당산동1가,신동아파밀리에,A15004101,contains,167.0,신동아건설,4,20080118
서울 영등포구,영등포동8가,삼환,A15003801,contains,520.0,삼환기업(주),7,19990531
서울 영등포구,신길동,한성,A15085404,contains,420.0,한국보훈복지공단,5,19970721
서울 영등포구,당산동4가,한강아파트,A15080501,exact,265.0,서초건설,2,19990902
서울 영등포구,도림동,영등포아트자이,A15076702,exact,836.0,(주)gs공사,8,20140311
서울 영등포구,신길동,삼환,A15005705,contains,1174.0,삼환기업,11,19970510
서울 영등포구,대림동,현대3차,A15081107,contains,1162.0,현대산업개발(주),7,19971027
서울 영등포구,영등포동,두산위브,A15003001,contains,271.0,두산건설(주),4,20041015
서울 영등포구,당산동4가,당산금호어울림,A15004403,exact,292.0,(주)금호건설,6,20020928
서울 영등포구,신길동,삼성래미안,A15005402,contains,826.0,삼성물산,12,20010615
서울 영등포구,양평동2가,삼성래미안,A15010202,contains,388.0,삼성물산,5,19980724
서울 영등포구,당산동5가,성원,A15004501,contains,205.0,성원건설,2,19971001
서울 영등포구,문래동3가,문래건영,A10022428,exact,141.0,주) 건영,1,19980406
서울 영등포구,신길동,힐스테이트클래시안,A10024615,exact,1482.0,현대건설,14,20201229
서울 영등포구,신길동,신길자이,A15096001,exact,198.0,GS건설,4,20110630
서울 영등포구,양평동3가,거성파스텔,A15010306,contains,532.0,(주)거성주택,7,19990524
서울 영등포구,대림동,코오롱,A15081105,contains,481.0,코오롱건설,5,19981016
서울 영등포구,신길동,경남,A15083703,contains_ambiguous,368.0,경남건설,5,19990615
서울 영등포구,당산동,래미안당산1차,A15081001,exact,348.0,삼성건설,4,19950530
서울 영등포구,영등포동7가,경남아너스빌,A15003701,contains,600.0,경남건설,8,19981130
서울 영등포구,양평동4가,경남아너스빌,,no_match,,,,
서울 영등포구,문래동2가,남성,A15009201,contains,390.0,라이프주택,2,19830531
서울 영등포구,당산동4가,현대2,,no_match,,,,
서울 영등포구,신길동,건영,A15005302,contains,386.0,LIG건영,4,19850904
서울 동작구,사당동,극동(105),A15681503,dedong,1550.0,극동건설,12,19931221
서울 동작구,상도동,상도동래미안1차,A15603204,dedong_ambiguous,517.0,삼성건설(주),7,20041206
서울 동작구,노량진동,우성,A15605002,contains,901.0,본동 제2-1 재개발조합,7,19971216
서울 동작구,사당동,대림(169-8),A15609005,dedong,1152.0,대림산업,12,19900807
서울 동작구,사당동,신동아4,A15677204,contains,912.0,신동아건설,8,19931221
서울 동작구,본동,삼성래미안,A15606003,contains,477.0,삼성물산,6,20041021
서울 동작구,흑석동,흑석동양아파트,A15607001,exact,423.0,동양메이저건설,7,20031104
서울 동작구,신대방동,보라매자이더포레스트,A10024098,exact,,GS건설(주),8,20211029
서울 동작구,사당동,사당롯데캐슬골든포레,A10025013,exact,959.0,롯데건설,17,20210702
서울 동작구,사당동,신동아5,A15609006,exact,333.0,신동아건설(주),4,19981120
서울 동작구,대방동,대방동현대,A15681104,dedong_ambiguous,278.0,현대건설,5,19991209
서울 동작구,대방동,대림아파트,A15681110,contains,1628.0,대림산업(주),14,19931120
서울 동작구,흑석동,우리유앤미,A15679103,exact,206.0,우리건설,2,20031226
서울 동작구,노량진동,신동아리버파크,A15605103,exact,1696.0,신동아건설(주),7,20010215
서울 동작구,대방동,주공2,A15681108,contains,798.0,유원건설,10,19950427
서울 동작구,사당동,사당자이,A15609502,exact,719.0,엘지건설(주),9,19991228
서울 동작구,대방동,현대홈타운2,,no_match,,,,
서울 동작구,노량진동,쌍용예가,A15605003,contains,299.0,쌍용건설(주),5,20100826
서울 동작구,상도동,삼성래미안2,,no_match,,,,
서울 동작구,사당동,제일,A15609501,contains,296.0,제일건축,3,19870213
서울 동작구,신대방동,한성아파트,A15601202,contains,272.0,한성건설,4,19950218
서울 동작구,신대방동,보라매e편한세상,A15601003,exact,386.0,(주)삼호,5,20100726
서울 동작구,상도동,상도푸르지오클라베뉴,A10022720,exact,,(주)대우건설,10,20240229
서울 동작구,본동,유원강변,A15606002,exact,306.0,유원울트라,5,20000809
서울 동작구,상도동,힐스테이트 상도 센트럴파크,A15678103,exact,1559.0,현대엠코,22,20120925
서울 동작구,상도동,중앙하이츠빌,A15683402,contains,544.0,(주)중앙건설,10,20031030
서울 동작구,흑석동,청호,A15679104,contains,346.0,(주)해강,5,19971014
서울 동작구,노량진동,힐스테이트장승배기역,A10020222,exact,,현대엔지니어링,3,20260213
서울 동작구,본동,신동아,A15606004,contains,765.0,신동아,9,19930626
서울 동작구,사당동,두산위브트레지움,A15677501,contains,451.0,두산건설,4,20111028
서울 동작구,사당동,사당휴먼시아,A15609003,exact,480.0,(주)서희건설,8,20090305
서울 관악구,봉천동,e편한세상서울대입구2차,A10025092,contains,1276.0,대림산업,19,20190625
서울 관악구,봉천동,e편한세상서울대입구1단지,A10025092,contains,1276.0,대림산업,19,20190625
서울 관악구,봉천동,관악푸르지오,A15105302,exact,2104.0,대우건설,23,20040826
서울 관악구,봉천동,두산,A15178203,contains_ambiguous,560.0,두산건설,3,20001228
서울 관악구,신림동,힐스테이트뉴포레,A10023661,exact,1143.0,현대엔지니어링,7,20220829
서울 관악구,봉천동,관악드림(삼성),,no_match,,,,
서울 관악구,봉천동,관악동부센트레빌,A15192201,exact,487.0,동부건설,7,20040528
서울 관악구,봉천동,관악드림(동아),,no_match,,,,
서울 관악구,봉천동,e편한세상서울대입구2단지,A10025092,contains,1276.0,대림산업,19,20190625
서울 관악구,봉천동,벽산블루밍,A15178201,contains_ambiguous,2105.0,벽산건설,18,20050630
서울 관악구,봉천동,봉천우성,A15105602,contains,717.0,우성건설(주),2,20001213
서울 서초구,서초동,비버리캐슬,,no_match,,,,
서울 서초구,방배동,서초훼미리하우스,,no_match,,,,
서울 서초구,우면동,호반써밋서초파크뷰(토지임대부아파트),A13778210,contains_ambiguous,358.0,(주)울트라건설,3,20131204
서울 서초구,서초동,초원현대,A13772801,dedong,299.0,고려산업개발(주),2,19991130
서울 서초구,서초동,두진한아름,,no_match,,,,
서울 서초구,방배동,방배중앙센트레빌,,no_match,,,,
서울 서초구,우면동,한라,A13790001,contains,252.0,한라건설주식회사,7,19940504
서울 서초구,서초동,우성아파트,A13785705,contains,408.0,우성건설,2,19980528
서울 서초구,방배동,서초이에스에이3차,,no_match,,,,
서울 서초구,서초동,서초한빛삼성,A13787105,exact,264.0,삼성중공업,2,19991126
서울 강남구,세곡동,강남신동아파밀리에1단지,A13519001,exact,395.0,신동아,6,20110223
서울 강남구,역삼동,세방하이빌1,,no_match,,,,
서울 강남구,자곡동,강남자곡 힐스테이트,A10027985,exact,1339.0,현대건설,5,20150602
서울 강남구,논현동,경남논현,A13582002,dedong,548.0,동산토건(주),6,19850803
서울 강남구,역삼동,브라운스톤역삼,,no_match,,,,
서울 강남구,삼성동,삼성풍림2차아파트,A10022130,exact,112.0,풍림산업주식회사,1,19981224
서울 강남구,역삼동,시티프라디움더강남101동,,no_match,,,,
서울 송파구,거여동,거여4단지,A13811203,exact,546.0,삼익주택(주),6,19970703
서울 송파구,송파동,송파파밀리에더퍼스트,A10021504,exact,102.0,신동아건설 주식회사,3,20231219
서울 송파구,오금동,송파두산위브,A10025657,exact,269.0,두산건설,2,20190227
서울 송파구,장지동,송파파인타운8단지,A13821006,exact,700.0,(주)신창건설,5,20081020
서울 송파구,풍납동,동아한가람1,A13887302,dedong,782.0,동아건설,7,19950613
서울 송파구,가락동,대림,A13880204,contains,443.0,1,4,19881118
서울 송파구,송파동,현대,A13885301,contains,243.0,현대건설(주),2,19970516
서울 송파구,가락동,"가락3차쌍용스윗닷홈101동,102동",,no_match,,,,
서울 송파구,오금동,상아2차아파트,A13886009,exact,750.0,동성개발,6,19881102
서울 송파구,풍납동,한강극동,A13804206,contains,895.0,극동건설,9,19950731
서울 송파구,풍납동,씨티극동1,A13804001,dedong,415.0,극동건설,4,19871215
서울 송파구,풍납동,극동,A13804001,contains_ambiguous,415.0,극동건설,4,19871215
서울 송파구,문정동,문정대우푸르지오2차,A13882401,dedong,165.0,(주)대우,2,20010523
서울 송파구,가락동,가락우성2,A13880602,contains,162.0,우성건설,2,20000614
서울 송파구,거여동,거여5단지,A13811205,exact,605.0,라이프주택,6,19970703
서울 송파구,풍납동,현대리버빌1지구,A13804004,dedong,708.0,현대건설(주),6,19951114
서울 송파구,거여동,거여1단지,A13811206,exact,1004.0,미주실업주식회사,6,19971125
서울 송파구,마천동,마천동금호타운1,A13812002,dedong,199.0,금호산업,1,19980529
서울 송파구,풍납동,신성노바빌아파트,A13887301,contains,236.0,신성,2,20000930
서울 송파구,문정동,세양청마루,A13820002,contains,157.0,세양건설,2,20040501
서울 송파구,문정동,문정대우푸르지오1차,A13882402,dedong,233.0,대우,4,19991020
서울 송파구,풍납동,현대리버빌2지구,A13804004,dedong,708.0,현대건설(주),6,19951114
서울 송파구,방이동,방이금호어울림,A10021457,exact,144.0,금호산업개발,1,20010516
서울 송파구,장지동,송파파인타운10단지,A13821005,exact,545.0,중앙건설,9,20070820
서울 송파구,잠실동,잠실월드메르디앙,A10027523,dedong,96.0,월드건설,2,20050829
서울 송파구,송파동,미성맨션,A13885303,dedong,378.0,라이프(주),5,19850112
서울 송파구,풍납동,송파현대힐스테이트,A13887901,exact,166.0,현대건설(주),2,20060224
서울 송파구,방이동,올림픽베어스타운1,A10026209,contains,140.0,상부종합건설(주),2,19960425
서울 강동구,성내동,성내동삼성아파트,A13403101,dedong,1220.0,삼성물산(주),10,19990901
서울 강동구,암사동,삼성광나루,A13405002,contains,490.0,삼성중공업(주),4,20021101
서울 강동구,암사동,선사현대아파트,A13405201,contains,2938.0,"현대건설, 현대산업개발",16,20000615
서울 강동구,둔촌동,신성둔촌미소지움2,A13470502,contains,278.0,신성건설,3,20001209
서울 강동구,둔촌동,둔촌푸르지오,A13470503,exact,800.0,대우건설,10,20100312
서울 강동구,둔촌동,신성둔촌미소지움1,A13406205,contains,460.0,주식회사 신성,2,19980502
서울 강동구,길동,이편한세상강동에코포레,,no_match,,,,
서울 강동구,성내동,올림픽파크한양수자인,A10027354,exact,482.0,(주)한양,5,20160818
서울 강동구,고덕동,고덕센트럴푸르지오,A10024562,exact,656.0,(주)대우건설,4,20200820
서울 강동구,둔촌동,신동아파밀리에,A13406204,dedong_ambiguous,357.0,신동아건설(주),3,20021115
서울 강동구,고덕동,배재현대,A13480401,dedong,448.0,현대,4,19951130
서울 강동구,길동,삼익파크맨션,A13470101,dedong,1092.0,삼익건설,12,19820904
서울 강동구,성내동,성안마을청구,,no_match,,,,
서울 강동구,둔촌동,둔촌하이츠,A13406003,exact,232.0,중앙건설(주),1,19980501
서울 강동구,명일동,명일지에스아파트,A13483002,exact,772.0,LG건설,2,19991227
서울 강동구,성내동,그란츠리버파크,A10020681,exact,,(주)대림,2,20250328
서울 강동구,강일동,강일리버파크3단지,A13410008,exact,987.0,삼환기업,13,20090311
서울 강동구,강일동,고덕리엔파크2단지,A13410011,exact,636.0,신동아,11,20110114
서울 강동구,둔촌동,현대2,A13406201,contains,196.0,현대건설(주),2,19880129
서울 강동구,상일동,고덕아르테스미소지움,A10021433,exact,100.0,신성건설주식회사,3,20220527
서울 강동구,둔촌동,더샵파크솔레이유,A10023059,exact,195.0,(주)포스코이앤씨,4,20230607
서울 강동구,강일동,강동리버스트8단지,A10024440,exact,946.0,sh서울도시공사,12,20210210
서울 강동구,상일동,강동리엔파크14단지,A10024412,exact,943.0,대우조선해양건설(주),9,20210210
서울 강동구,고덕동,래미안힐스테이트고덕,A10027207,exact,3658.0,"삼성, 현대",51,20161229
서울 강동구,상일동,중앙하이츠,A13483803,contains,410.0,중앙개발,5,19920509
서울 강동구,암사동,힐스테이트 강동 리버뷰,A10025174,exact,460.0,현대엔지니어링,5,20191112
서울 강동구,암사동,한강현대,A13471501,contains,417.0,현대건설주식회사,3,19990531
서울 강동구,천호동,래미안강동팰리스,A10026852,exact,999.0,삼성물산,3,20170731
서울 강동구,천호동,힐데스하임천호아파트,A10023695,exact,188.0,(주)원건설,2,20230511
서울 강동구,성내동,코오롱(1차),A13484102,dedong,257.0,코오롱건설,2,19990518
서울 강동구,강일동,강일리버파크5단지,A13410009,exact,722.0,KR산업,9,20090713
서울 강동구,강일동,강동리버스트4단지,A10024468,exact,1239.0,두산건설,10,20200828
서울 강동구,강일동,강일리버파크1단지,A13410001,exact,282.0,삼환기업,7,20090311
서울 강동구,천호동,천호태영아파트,A13402002,exact,385.0,태영건설,5,19991120
경기 수원시 장안구,정자동,화서역파크푸르지오,A10024170,exact,2355.0,대우건설,14,20210823
경기 수원시 영통구,원천동,광교호반베르디움,A44377204,exact,1330.0,호반건설,10,20140602
경기 성남시 수정구,신흥동,산성역자이푸르지오1단지,A10022845,exact,1852.0,GS건설,13,20240327
경기 성남시 수정구,신흥동,산성역포레스티아,A10024631,exact,4089.0,"현대산업개발,포스코건설,롯데건설",39,20200730
경기 성남시 수정구,신흥동,산성역자이푸르지오2단지,A10022853,exact,1270.0,GS건설,10,20240327
경기 성남시 수정구,신흥동,산성역자이푸르지오3단지,A10022854,exact,840.0,GS건설,5,20240327
경기 성남시 수정구,단대동,단대푸르지오,A46170401,contains,1015.0,대우건설,13,20120907
경기 성남시 중원구,중앙동,신흥역하늘채랜더스원1단지,A10023626,exact,1267.0,코오롱글로벌주식회사,14,20220920
경기 성남시 중원구,금광동,e편한세상금빛그랑메종1단지,A10023503,exact,1135.0,디엘이앤씨,9,20230629
경기 성남시 중원구,중앙동,신흥역하늘채랜더스원2단지,A10023634,exact,332.0,코오롱글로벌(주),3,20220920
경기 성남시 중원구,금광동,e편한세상금빛그랑메종4단지,A10023504,exact,948.0,DLE&C,8,20230629
경기 성남시 중원구,여수동,산들마을2단지,A10027842,contains,1171.0,KR건설,16,20151008
경기 성남시 중원구,중앙동,신흥역하늘채랜더스원3단지,A10023567,exact,400.0,코오롱글로벌,4,20220920
경기 성남시 중원구,금광동,e편한세상금빛그랑메종3단지,A10023498,exact,784.0,대림건설,6,20230629
경기 성남시 중원구,금광동,e편한세상금빛그랑메종2단지,,no_match,,,,
경기 성남시 중원구,금광동,e편한세상금빛그랑메종5단지,A10023525,exact,1102.0,대림건설,8,20230629
경기 성남시 분당구,야탑동,장미마을(동부),A46378823,contains,1134.0,동부건설(주),21,19930224
경기 성남시 분당구,구미동,무지개(4단지)(주공),,no_match,,,,
경기 성남시 분당구,운중동,산운마을11단지(판교포레라움),A46379102,exact,504.0,한보건설,10,20090723
경기 성남시 분당구,금곡동,청솔마을(한라),A46372509,contains,768.0,한라건설,10,19951202
경기 성남시 분당구,금곡동,청솔마을(공무원),,no_match,,,,
경기 성남시 분당구,구미동,무지개(5단지)(청구),,no_match,,,,
경기 성남시 분당구,운중동,산운마을12단지판교센트럴포레와이시티,,no_match,,,,
경기 성남시 분당구,구미동,까치마을(2단지)(주공),A46374012,exact,768.0,대한주택공사,9,19950424
경기 성남시 분당구,판교동,판교원마을6단지(판교대광로제비앙),A46341004,contains,470.0,대광건영,6,20090525
경기 성남시 분당구,야탑동,탑마을(벽산),A46392716,contains,646.0,벽산건설,12,19940224
경기 성남시 분당구,분당동,샛별마을(라이프),A46374805,contains,796.0,라이프주택개발(주),9,19920609
경기 성남시 분당구,정자동,한솔마을(6단지)(주공),,no_match,,,,
경기 성남시 분당구,수내동,푸른마을(신성),A46377908,contains,2598.0,"쌍용,신성,벽산",50,19920605
경기 성남시 분당구,구미동,까치마을(3단지)(신원),,no_match,,,,
경기 성남시 분당구,수내동,"양지마을(6단지)(금호,청구)",,no_match,,,,
경기 성남시 분당구,이매동,아름마을(한성),A46380601,contains,240.0,한성,8,19921130
경기 성남시 분당구,야탑동,탑마을(경남)1,A46392320,contains,884.0,경남,16,19940224
경기 성남시 분당구,수내동,푸른마을(벽산),,no_match,,,,
경기 성남시 분당구,수내동,양지마을(6단지)(한양603동),,no_match,,,,
경기 성남시 분당구,분당동,샛별마을(동성),A46374703,contains,582.0,동성건설,9,19920630
경기 성남시 분당구,야탑동,장미마을(현대),A46379226,contains,2136.0,현대산업개발,25,19930428
경기 성남시 분당구,야탑동,매화마을공무원2,,no_match,,,,
경기 성남시 분당구,이매동,아름마을(삼호),,no_match,,,,
경기 성남시 분당구,수내동,파크타운(서안),A10026318,contains,3028.0,"대림, 서안, 삼익, 롯데",41,19930527
경기 성남시 분당구,수내동,파크타운(대림),A10026318,contains,3028.0,"대림, 서안, 삼익, 롯데",41,19930527
경기 성남시 분당구,구미동,무지개(12단지)(주공),A46371417,contains,905.0,"인풍종합건설(주),두산개발(주)",9,19950707
경기 성남시 분당구,야탑동,장미마을(코오롱)1,A46378822,dedong,1082.0,코오롱건설,18,19930224
경기 성남시 분당구,운중동,산운마을8단지(부영사랑으로),A46379110,contains,371.0,(주)광영토건,6,20081231
경기 성남시 분당구,이매동,아름마을(두산),A46373315,contains,1132.0,"(주)삼호,두산건설(주)",24,19920928
경기 성남시 분당구,분당동,샛별마을(삼부),A46374904,contains,588.0,삼부토건(주),14,19920709
경기 성남시 분당구,수내동,푸른마을(쌍용),,no_match,,,,
경기 성남시 분당구,이매동,이매촌(삼성),A46382916,exact,1162.0,(주)삼성건설,27,19940423
경기 성남시 분당구,정자동,더샵분당파크리버,,no_match,,,,
경기 성남시 분당구,이매동,이매촌(삼환),A46382909,exact,572.0,삼환기업,10,19940929
경기 성남시 분당구,서현동,효자촌(임광),A46376605,contains,732.0,임광토건(주),14,19920725
경기 성남시 분당구,야탑동,매화마을공무원1,,no_match,,,,
경기 안양시 동안구,호계동,평촌센텀퍼스트,A10022907,exact,2886.0,대림.코오롱,23,20231124
경기 안양시 동안구,관양동,인덕원마을(삼성),,no_match,,,,
경기 안양시 동안구,관양동,평촌더샵센트럴시티,A10027233,exact,1459.0,(주)포스코,10,20160628
경기 안양시 동안구,평촌동,향촌마을현대5차,,no_match,,,,
경기 안양시 동안구,평촌동,향촌롯데,A43179302,exact,530.0,롯데건설,8,19930327
경기 안양시 동안구,평촌동,인덕원대우,,no_match,,,,
경기 안양시 동안구,비산동,평촌래미안푸르지오,A10024077,exact,1199.0,"삼성물산, 대우건설",10,20211105
경기 안양시 동안구,호계동,평촌트리지아,A10022268,exact,2417.0,"현대,코롱, SK건설",22,20240819
경기 안양시 동안구,평촌동,향촌마을현대4차,A43179403,dedong,552.0,고려산업개발,8,19921128
경기 하남시,선동,미사강변 센트리버,A10027344,exact,1145.0,삼호건설,13,20160909
경기 하남시,망월동,미사강변스타힐스아파트,A10027180,exact,1389.0,서희건설,16,20161124
경기 하남시,망월동,미사강변루나리움,A10027782,exact,1164.0,에스티엑스건설(주) 外,11,20150930
경기 하남시,망월동,미사강변 골든 센트로,A10028139,exact,1541.0,대우건설,14,20141205
경기 하남시,덕풍동,더샵하남에디피스,A10022630,exact,,포스코이앤씨,10,20240328
경기 하남시,감이동,감일센트레빌,A10024941,exact,589.0,동부건설,6,20200312
경기 하남시,망월동,미사강변효성해링턴플레이스엔에이치에프,,no_match,,,,
경기 하남시,망월동,미사강변파밀리에,A10028200,exact,976.0,신동아건설,9,20140612
경기 하남시,풍산동,미사강변동일하이빌,A10026501,exact,655.0,"이화공영(주), (주)동일토건",6,20180206
경기 하남시,선동,미사강변리슈빌엔에이치에프,,no_match,,,,
경기 하남시,신장동,하남호반써밋에듀파크,A10024119,exact,999.0,호반건설,6,20210806
경기 용인시 기흥구,마북동,e편한세상구성역플랫폼시티,A10022648,exact,999.0,디엘이엔씨주식회사,12,20240412
경기 용인시 수지구,상현동,광교자이더클래스,A44851511,exact,1035.0,GS건설,10,20120727
경기 용인시 수지구,풍덕천동,신정7단지(상록)공무원,,no_match,,,,
경기 용인시 수지구,풍덕천동,신정마을주공1,A44898708,contains,1044.0,(주)한양,12,20000331
경기 용인시 수지구,풍덕천동,한성,A44876808,contains,774.0,(주)한성,10,19950328
경기 용인시 수지구,풍덕천동,용인수지신정마을9단지,A44899307,contains,812.0,삼익건설,9,20000504
경기 용인시 수지구,풍덕천동,현대성우8차,A44899209,contains,1239.0,현대성우,13,19991119
경기 용인시 수지구,풍덕천동,수지파크푸르지오,A10025555,exact,430.0,대우건설,5,20190328
경기 용인시 수지구,동천동,동천센트럴자이,A10025481,exact,1057.0,GS건설,8,20190530
서울 노원구,월계동,한진한화그랑빌,A13984004,contains,3003.0,"한진중공업,한화건설",25,20021018
서울 마포구,중동,울트라월드컵(참누리),A12187906,contains,499.0,울트라건설,9,20060504
서울 강서구,염창동,무학,A15786213,contains,273.0,무학건설,5,19990331
서울 강서구,등촌동,"등촌지와인아파트,비지니스센터",A10023075,contains,136.0,한동건설,4,20230630
서울 금천구,독산동,금천롯데캐슬골드파크3차,A10025946,exact,1236.0,롯데건설,6,20181030
서울 영등포구,신길동,삼성,A15005603,contains_ambiguous,384.0,삼성종합건설(주),2,19840414
서울 영등포구,양평동2가,양평벽산블루밍,A15010203,contains,417.0,한국건업,3,19901110
서울 동작구,사당동,경남아너스빌1차,A15609303,dedong,340.0,대아건설,3,19970228
서울 관악구,봉천동,봉천동아,A15192202,contains,836.0,동아건설,4,20000509
서울 강남구,논현동,쌍용,A13501007,contains,111.0,남광토건,1,19960724
경기 성남시 중원구,중앙동,롯데캐슬,A46283502,contains,545.0,롯데건설,9,20120720
경기 하남시,풍산동,미사강변브라운스톤엔에이치에프,A10025947,contains,871.0,이수건설,8,20181106
서울 종로구,창신동,두산,A11054101,contains,529.0,두산건설(주),3,19990430
서울 종로구,숭인동,종로청계힐스테이트,A11055002,exact,288.0,현대건설,6,20090320
서울 중구,황학동,롯데캐슬,A10044002,contains_ambiguous,1534.0,롯데건설,5,20081222
서울 중구,신당동,신당동파라다이스,A10078102,contains,132.0,파라다이스건설,1,20000710
서울 용산구,효창동,아인하우스,,no_match,,,,
서울 성동구,송정동,건영,A13383702,contains,447.0,건영,3,20000510
서울 광진구,자양동,자양우성7,A14319311,contains,625.0,(주)우성건설,5,19980706
서울 광진구,구의동,구의자이르네,,no_match,,,,
서울 광진구,군자동,일성파크,A14383901,contains,357.0,일성건설,2,19960309
서울 광진구,자양동,구의현대하이엘,A14319003,dedong,182.0,고려산업개발,2,19930527
서울 동대문구,답십리동,답십리청솔우성,A13003202,exact,1110.0,우성건설,14,20000318
서울 동대문구,전농동,전농동삼성래미안,A13085301,dedong,463.0,(주)삼성물산,7,20000513
서울 동대문구,이문동,쌍용,A13082704,contains_ambiguous,1318.0,쌍용,15,20001129
서울 동대문구,이문동,대림e-편한세상,A13082805,dedong,1378.0,대림산업(주),19,20030709
서울 동대문구,용두동,용두롯데캐슬리치,A10028080,exact,311.0,롯데건설(주),5,20150313
서울 동대문구,휘경동,브라운스톤휘경,A13009003,exact,451.0,이수건설,8,20131025
서울 동대문구,답십리동,동아,A13003406,contains_ambiguous,741.0,동아건설,7,20011123
서울 동대문구,답십리동,한신휴플러스그린파크,A10022046,exact,141.0,한신공영,3,20100930
서울 동대문구,답십리동,두산,A13003201,contains_ambiguous,739.0,두산건설주식회사,9,20000802
서울 동대문구,장안동,동대문더퍼스트데시앙,A10025227,exact,469.0,태영건설,8,20191022
서울 동대문구,용두동,롯데캐슬피렌체,A13007002,contains,435.0,롯데건설,4,20090205
서울 동대문구,답십리동,래미안엘파인아파트,A13075402,exact,472.0,삼성물산,9,20110623
서울 동대문구,이문동,중앙하이츠빌,A13082502,contains,302.0,중앙건설,6,20020523
서울 동대문구,휘경동,휘경리오포레아파트(2단지),,no_match,,,,
서울 동대문구,청량리동,한신,A13086704,contains_ambiguous,960.0,한신공영,9,19971216
서울 동대문구,청량리동,홍릉동부,A13086802,contains_ambiguous,371.0,동부건설,4,20010924
서울 동대문구,용두동,신동아,A13007004,contains,772.0,신동아건설,5,19941014
서울 동대문구,회기동,신현대,A13087201,contains,736.0,현대건설,8,19890526
서울 동대문구,제기동,안암골벽산,A13086101,contains,640.0,벽산건설,7,20030613
서울 동대문구,이문동,현대,A13082703,contains_ambiguous,601.0,이문1구역재개발조합,4,20000503
서울 중랑구,묵동,이편한세상화랑대,,no_match,,,,
서울 중랑구,면목동,쌍용더플래티넘용마산,A10024443,exact,245.0,쌍용건설,5,20201214
서울 중랑구,상봉동,프레미어스엠코,A13122002,contains,497.0,현대엠코(주),3,20131118
서울 중랑구,면목동,용마산하늘채,A10028033,exact,265.0,코오롱글로벌,5,20151008
서울 중랑구,면목동,한양수자인사가정파크,A10025159,exact,497.0,(주)한양,8,20191127
서울 중랑구,중화동,한신아파트상가동유치원동(103~109),A13187702,dedong,1544.0,한신공영,9,19971011
서울 강북구,미아동,꿈의숲해링턴플레이스,A10025241,exact,1028.0,진흥기업(주),17,20190927
서울 강북구,미아동,래미안트리베라1단지,,no_match,,,,
서울 강북구,미아동,송천센트레빌,A14272313,exact,376.0,동부건설(주),5,20100910
서울 강북구,미아동,삼성래미안트리베라2단지,,no_match,,,,
서울 강북구,미아동,꿈의숲롯데캐슬,A10026947,exact,615.0,롯데건설(주),11,20170227
서울 강북구,미아동,미아동부센트레빌,A14280502,exact,480.0,동부건설,8,20060425
서울 강북구,미아동,한화포레나미아,A10020346,exact,,한화건설,4,20251127
서울 강북구,미아동,두산위브트레지움,A14272314,contains,1370.0,두산건설,24,20111031
서울 도봉구,창동,주공19단지(창동리버타운),A13290107,dedong,1764.0,한신공영,12,19881125
서울 도봉구,창동,동아청솔,A13204409,contains,1981.0,동아건설산업(주),18,19970324
서울 노원구,상계동,노원롯데캐슬시그니처,A10023024,contains_ambiguous,553.0,롯데건설(주),4,20230629
서울 노원구,상계동,포레나노원,A10024547,exact,1062.0,주식회사 한화건설,13,20201125
서울 노원구,월계동,월계센트럴아이파크,A10025097,exact,859.0,현대산업개발,7,20200130
서울 노원구,공릉동,태릉해링턴플레이스,A10023991,exact,1308.0,효성중공업,15,20220118
서울 노원구,상계동,노원센트럴푸르지오,A10025133,exact,810.0,상계4구역주택재개발정비사업조합,7,20210222
서울 노원구,월계동,풍림아이원,A13905003,contains,484.0,풍림건설(주),8,20051216
서울 노원구,월계동,꿈의숲SKVIEW,,no_match,,,,
서울 노원구,월계동,삼호4,A13984003,contains,910.0,(주)삼호,7,19870706
서울 노원구,중계동,주공5,A13922114,contains,2328.0,대한주택공사,18,19920429
서울 노원구,월계동,현대,A13905105,contains_ambiguous,1281.0,현대산업개발,11,20001125
서울 은평구,불광동,북한산힐스테이트7차,A12275202,exact,882.0,현대건설,15,20110729
서울 은평구,응암동,백련산힐스테이트4차,,no_match,,,,
서울 은평구,응암동,백련산에스케이뷰아이파크,A10025310,exact,1305.0,"sk view, 현대산업개발",11,20200521
서울 은평구,불광동,불광롯데캐슬,A12204006,exact,488.0,롯데건설(주),8,20130926
서울 은평구,진관동,박석고개1단지힐스테이트(101~111동)BL2-12,,no_match,,,,
서울 은평구,진관동,박석고개1단지힐스테이트(116~131동)BL2-1,,no_match,,,,
서울 은평구,응암동,백련산파크자이,A10025683,exact,678.0,GS건설,9,20210412
서울 은평구,불광동,북한산현대홈타운,A12204102,exact,662.0,현대건설(주),15,20040529
서울 은평구,역촌동,센트레빌아스테리움시그니처,A10021056,exact,752.0,동부건설,8,20241125
서울 은평구,수색동,청구,A12209001,contains,196.0,청구,3,20000316
서울 은평구,불광동,북한산래미안아파트(2단지),A12275201,contains,647.0,삼성물산,9,20100830
서울 은평구,증산동,DMC우방,A12294102,exact,429.0,(주)우방,3,20000320
서울 은평구,불광동,북한산래미안아파트(1단지),A12275201,contains,647.0,삼성물산,9,20100830
서울 은평구,불광동,북한산힐스테이트1차아파트,A12204003,exact,603.0,현대건설,11,20090716
서울 은평구,불광동,북한산현대힐스테이트3차아파트,,no_match,,,,
서울 은평구,응암동,백련산해모로,A10024947,exact,760.0,한진중공업(주),9,20200618
서울 은평구,응암동,e편한세상백련산,A10023994,exact,358.0,DL건설,8,20220714
서울 은평구,응암동,백련산힐스테이트1차,A12201003,exact,1028.0,현대건설,15,20111222
서울 서대문구,연희동,연희파크푸르지오,A10025822,exact,396.0,(주)대우건설,5,20181221
서울 서대문구,남가좌동,DMC래미안클라시스,A12012201,exact,358.0,(주)삼성물산,2,20001215
서울 서대문구,북아현동,경남102동,,no_match,,,,
서울 서대문구,홍은동,힐스테이트홍은포레스트,A10023482,exact,623.0,현대건설(주),8,20231229
서울 서대문구,연희동,대우푸르지오,A12011002,dedong,562.0,대우건설(주),7,20020730
서울 서대문구,홍제동,홍제삼성래미안,A12009202,exact,474.0,삼성래미안,6,20010613
서울 서대문구,홍제동,홍제한양,A12085303,exact,998.0,햔양건설,10,19930504
서울 서대문구,남가좌동,남가좌동현대,A12012203,exact,1155.0,현대산업개발(주),10,19990527
서울 서대문구,홍제동,금호어울림,A10027681,contains,296.0,금호건설,10,20160203
서울 서대문구,냉천동,동부센트레빌,A12005001,contains,237.0,동부건설,3,20020321
서울 서대문구,홍제동,청구2차,,no_match,,,,
서울 서대문구,홍제동,청구3차,A12078706,contains,228.0,청구건설,2,20010530
서울 마포구,상암동,상암월드컵파크12단지,A12179505,exact,380.0,한신공영,9,20101014
서울 마포구,상암동,DMC상암센트럴파크2단지,A12179501,exact,184.0,양우건설사,3,20090622
서울 마포구,망원동,대림2,,no_match,,,,
서울 마포구,망원동,휴먼빌,A12123001,contains,210.0,일신건영(주),2,20040730
서울 마포구,성산동,성산2차e-편한세상,A12125001,exact,189.0,대림산업,3,20050726
서울 마포구,중동,마포중동현대,A12187905,exact,477.0,현대건설,6,20010727
서울 마포구,망원동,대림1,,no_match,,,,
서울 마포구,연남동,대명,A10024587,contains,128.0,대명건설,1,19951115
서울 마포구,창전동,신촌금호,A12188201,exact,239.0,금호건설,3,20010330
서울 마포구,성산동,성산월드타운대림,A12125202,exact,795.0,대림산업,10,20040824
서울 마포구,중동,현대,A12187703,contains_ambiguous,282.0,현대,3,20001216
서울 마포구,상암동,상암월드컵파크10단지,A12179508,exact,861.0,중앙건설,16,20100720
서울 마포구,마포동,보성,A10025672,contains,133.0,(주) 보성,2,19961128
서울 양천구,목동,목동성원,A15805105,exact_ambiguous,200.0,성원건설,2,19970125
서울 양천구,신정동,신트리1,A15807002,contains,997.0,진흥기업,9,19990521
서울 양천구,신월동,신목동파라곤,A10023219,exact,299.0,동양건설,5,20230227
서울 양천구,목동,금강에스쁘아,A15881701,contains,153.0,(주)금강종합건설,1,20020813
서울 양천구,신정동,신정현대5,A15807204,contains,217.0,현대산업개발,1,19950731
서울 양천구,목동,극동늘푸른,A15881601,contains,206.0,극동건설(주),2,19981030
서울 양천구,신정동,세양청마루,A15807701,contains,326.0,세양건설,7,20060712
서울 양천구,신정동,신트리4,A15807316,contains,845.0,자유건설(주),8,20000523
서울 양천구,신월동,신정두산위브,,no_match,,,,
서울 강서구,염창동,극동상록수,A15786312,contains,256.0,극동건설,2,19991027
서울 강서구,염창동,관음삼성,A15786321,contains,350.0,(주)삼성건설,3,19970801
서울 강서구,등촌동,가양역두산위브,A10023543,exact,220.0,두산,4,20220311
서울 강서구,가양동,일신건영휴먼빌,A15720101,contains,177.0,일신건영,3,20041223
서울 강서구,등촌동,서광등촌마을아파트,A15784008,dedong,430.0,서광건설,6,19990401
서울 강서구,염창동,신동아,A15786420,contains,348.0,신동아건설,3,19951213
서울 강서구,등촌동,등촌라인(조합),A15783806,contains,317.0,라인건설,3,19971029
서울 강서구,염창동,한강동아,A15786510,contains,212.0,동아건설산업(주),3,19980721
서울 강서구,염창동,강서쌍용예가,A10027541,exact,152.0,(주)쌍용건설,4,20140611
서울 강서구,염창동,금호타운,A15786116,dedong,290.0,금호건설,4,19990402
서울 강서구,등촌동,한사랑2삼성,A15703302,dedong,457.0,동성개발,6,19951127
서울 강서구,염창동,극동,A15786111,contains_ambiguous,249.0,극동건설,2,20000527
서울 강서구,염창동,태영,A15786314,contains,277.0,태영건설(주),4,19991111
서울 강서구,염창동,월드메르디앙,A15704003,contains_ambiguous,168.0,월드건설(주),5,20040701
서울 강서구,염창동,삼성한마음,,no_match,,,,
서울 강서구,가양동,빛고을우방,A10021511,dedong,137.0,(주)우방,1,19990302
서울 강서구,염창동,대림,A10022042,contains,122.0,고려개발주식회사,2,19991026
서울 강서구,등촌동,삼성한사랑1,A15783905,dedong_ambiguous,244.0,삼성중공업,3,19971217
서울 강서구,염창동,현대3,A15776004,exact,127.0,현대산업개발,1,19961005
서울 강서구,방화동,마곡센트레빌,A10021419,exact,143.0,동부건설,1,20210929
서울 강서구,화곡동,초록,A15770801,contains,626.0,동원건설,9,19981116
서울 강서구,마곡동,마곡일성트루엘아파트,,no_match,,,,
서울 강서구,마곡동,신안,A15721003,contains,253.0,신안건설,3,19931223
서울 강서구,등촌동,대동황토방2,A15703005,contains,196.0,(주)대동,4,20031030
서울 강서구,등촌동,대동황토방,A15703002,contains_ambiguous,241.0,(주)대동,3,20000727
서울 강서구,염창동,길훈,A10025049,contains,115.0,(주)길훈종합건설,2,19990930
서울 강서구,등촌동,코오롱하늘채,A15703001,exact,200.0,코오롱글로벌(주),3,20031119
서울 강서구,방화동,신마곡벽산블루밍,A10024505,exact,298.0,벽산블루밍,5,20201126
서울 구로구,고척동,고척파크푸르지오,A15279403,exact,662.0,대우푸르지오,11,20090526
서울 구로구,개봉동,한마을,A15209002,contains,1983.0,"중앙건설,벽산건설",26,19990430
서울 구로구,신도림동,우성5,A15288801,contains,154.0,우성건설(주),1,19941215
서울 구로구,개봉동,현대홈타운,A15209206,contains,964.0,현대건설,11,20010822
서울 구로구,개봉동,개봉동현대아이파크,A15209207,contains,2412.0,현대건설(주),31,20010822
서울 구로구,개봉동,현대,A15209207,contains_ambiguous,2412.0,현대건설(주),31,20010822
서울 구로구,구로동,삼성래미안,A15284906,contains,1244.0,삼성물산,16,20040529
서울 금천구,독산동,금천롯데캐슬골드파크1차,A10027188,exact,1743.0,롯데건설(주),11,20161130
서울 금천구,독산동,금천롯데캐슬골드파크2차201동202동,A10026626,contains,292.0,롯데건설(주),2,20170928
서울 금천구,시흥동,남서울힐스테이트,A15370103,exact,1764.0,"풍림산업,현대건설",19,20140814
서울 영등포구,문래동4가,문래동삼환,A15009402,dedong,382.0,삼환기업,5,20010910
서울 영등포구,양평동3가,양평역미소지움,A10026457,exact,128.0,SG신성건설(주),1,20180124
서울 영등포구,양평동6가,동양,A15010602,contains,263.0,동양메이저(주),3,20000805
서울 영등포구,문래동6가,대원,A15009603,contains,218.0,(주)대원,3,19981028
서울 영등포구,양평동3가,삼천리,A15010303,contains,179.0,삼천리,2,20000629
서울 영등포구,문래동6가,문래베어스타운,A15009606,exact,304.0,상부종합건설(주),2,19970524
서울 영등포구,문래동6가,현대2차,A15009607,contains,390.0,현대,2,19871029
서울 영등포구,양평동5가,동보,A15010501,contains,184.0,동보건설,2,19981016
서울 영등포구,문래동6가,문래미원,A15009601,exact,170.0,미원건설(주),2,19960909
서울 영등포구,양평동3가,삼호,A15010304,contains,213.0,대림,1,19980508
서울 영등포구,대림동,보라매 신동아 파밀리에,A10027381,exact,247.0,신동아건설(주),4,20160729
서울 영등포구,양평동1가,한신공영,,no_match,,,,
서울 영등포구,도림동,동아에코빌,A15083202,contains,346.0,동아건설,5,20000128
서울 동작구,대방동,신일해피트리,A10023859,contains,130.0,신일건설주식회사,2,20051125
서울 동작구,상도동,쌍용스윗닷홈,A15683901,dedong,389.0,쌍용건설,6,20031120
서울 동작구,사당동,대창센시티,,no_match,,,,
서울 동작구,사당동,현대,A15681802,contains,265.0,현대산업개발,2,19910424
서울 동작구,상도동,현대(관악),A15678101,dedong,194.0,현대건설,2,20030616
서울 동작구,사당동,경남아너스빌2차,A15609303,dedong,340.0,대아건설,3,19970228
서울 동작구,대방동,우정,A15681103,contains,206.0,(주) 우정건설,2,19990122
서울 동작구,사당동,남해오네뜨,A10024811,exact,131.0,남해건설,1,20021230
서울 동작구,사당동,삼성,A10021807,contains_ambiguous,113.0,삼성준공업,1,19991231
서울 동작구,사당동,대성유니드,A15609001,dedong,151.0,대성산업(주),5,20090203
서울 관악구,봉천동,관악파크푸르지오,A15105008,exact,363.0,대우건설,7,20140919
서울 관악구,봉천동,건영6,A15176602,contains,184.0,(주)건영,3,19990517
서울 관악구,봉천동,현대(관악),,no_match,,,,
서울 관악구,봉천동,서울대입구아이원(1560-62),,no_match,,,,
서울 관악구,봉천동,벽산블루밍3차,A15178202,contains,281.0,벽산건설,5,20041220
서울 관악구,봉천동,서울대입구아이원(1560-61),A15184101,exact,374.0,풍림산업(주),7,20061130
서울 서초구,양재동,리시본하우스,,no_match,,,,
서울 강남구,도곡동,파크힐,,no_match,,,,
서울 강남구,대치동,테헤란로대우아이빌(891-6),A13528005,contains,372.0,대우건설,1,20040429
서울 강남구,역삼동,대우디오빌,A13592002,contains_ambiguous,457.0,대우건설,1,20020625
서울 송파구,가락동,풍림1,A10021256,dedong,105.0,풍림건설,1,19951130
서울 송파구,마천동,삼익1,A10020176,dedong,,삼익주택,1,19961115
서울 송파구,마천동,마천대성,,no_match,,,,
서울 송파구,가락동,진넥스베르디엠,,no_match,,,,
서울 송파구,문정동,현대2,A10022995,contains,108.0,현대건설,1,19951107
서울 송파구,거여동,우방1,A13881601,dedong,257.0,(주)우방,3,19990909
서울 송파구,풍납동,갑을,A10024358,contains,85.0,갑을건설,1,19960722
서울 송파구,오금동,우방,A13813002,contains,196.0,우방,3,20010312
서울 강동구,천호동,천호동삼성아파트,A13402305,dedong_ambiguous,396.0,삼성물산(주),3,19970526
서울 강동구,성내동,현대,A13484003,contains,277.0,현대산업개발(주),2,19871212
서울 강동구,성내동,둔촌역청구,A13484501,exact,222.0,(주)청구주택,2,19990311
서울 강동구,상일동,고덕센트럴IPARK,,no_match,,,,
서울 강동구,길동,현대1,A13480803,dedong,264.0,현대,2,19960809
서울 강동구,상일동,고덕리엔파크3단지,A13472701,exact,2283.0,신동아건설(주),41,20110127
서울 강동구,강일동,강일리버파크7단지,A13410010,exact,731.0,고속도로관리공단,11,20090609
서울 강동구,둔촌동,현대4,A13481802,contains,235.0,현대산업개발,2,19960229
서울 강동구,성내동,라움포레,,no_match,,,,
경기 수원시 팔달구,매교동,매교역푸르지오SKVIEW,,no_match,,,,
경기 수원시 영통구,망포동,영통아이파크캐슬1단지,A10025621,exact,1783.0,현대산업개발(주)외 1,16,20190312
경기 수원시 영통구,망포동,영통SKVIEW,A10027563,exact,710.0,sk 건설,8,20160610
경기 수원시 영통구,망포동,영통아이파크캐슬2단지,A10025715,exact,1162.0,"현대아이파크, 롯데캐슬",10,20190121
경기 수원시 영통구,망포동,그대가프리미어,A44370702,exact,602.0,임광토건(주),10,20100803
경기 수원시 영통구,망포동,영통아이파크캐슬3단지,A10023611,exact,664.0,"롯데건설, 현대산업개발",9,20220929
경기 성남시 수정구,단대동,코오롱하늘채,A46170403,contains,186.0,코오롱글로벌,4,20130221
경기 성남시 중원구,중앙동,중앙동힐스테이트2차,A46283503,exact,751.0,현대건설,15,20140707
경기 성남시 중원구,중앙동,중앙동힐스테이트1차,A46283501,exact,356.0,현대건설,7,20120521
경기 성남시 중원구,금광동,한양수자인성남마크뷰,A10024360,exact,711.0,한양건설,7,20210217
경기 성남시 분당구,정자동,느티마을(4단지)(공무원),,no_match,,,,
경기 성남시 분당구,정자동,느티마을(3단지)(공무원),,no_match,,,,
경기 성남시 분당구,이매동,이매촌(청구),A46383012,exact,710.0,주)청구,13,19920831
경기 성남시 분당구,서현동,효자촌(동아),A46376303,contains,648.0,공용토건(주),15,19920725
경기 성남시 분당구,야탑동,목련마을(한신),A46381709,contains,264.0,한신공영(주),5,19941228
경기 안양시 만안구,안양동,래미안안양메가트리아,A10027336,exact,4250.0,"1/3공구:삼성물산, 2공구 : 동부",35,20161026
경기 안양시 만안구,안양동,주공뜨란채(아),A43075306,dedong,1093.0,LH주택공사,11,20041115
경기 안양시 동안구,호계동,평촌어바인퍼스트,A10023559,exact,3850.0,"포스코, 대우건설, 현대건설,SK건설",34,20210407
경기 안양시 동안구,호계동,평촌더샵아이파크,A10025336,exact,1174.0,"포스코, 현대산업개발",13,20190328
경기 안양시 동안구,비산동,평촌자이아이파크,A10023993,exact,,"GS건설, 현대산업개발",22,20211229
경기 안양시 동안구,평촌동,초원마을대원,,no_match,,,,
경기 안양시 동안구,비산동,평촌엘프라우드,A10022506,exact,2739.0,비산초교주변지구주택재개발정비사업조합,35,20240619
경기 안양시 동안구,호계동,목련마을2단지대우선경,,no_match,,,,
경기 안양시 동안구,평촌동,초원LG,A43174404,exact,656.0,LG건설,9,19931030
경기 안양시 동안구,평촌동,초원마을대림,,no_match,,,,
경기 안양시 동안구,평촌동,인덕원대림2차,A43179705,exact,862.0,대림산업,10,20041120
경기 안양시 동안구,평촌동,초원부영,A43182909,exact,1743.0,부영건설,13,19921015
경기 안양시 동안구,평촌동,래미안인덕원더포인트,A43107003,exact,605.0,삼성물산,6,20000529
경기 안양시 동안구,호계동,무궁화경남,A43173804,exact,590.0,경남건설,8,19940823
경기 안양시 동안구,호계동,무궁화금호,A43173902,exact,438.0,금호건설(주),7,19920819
경기 안양시 동안구,호계동,목련우성5,,no_match,,,,
경기 안양시 동안구,관양동,공작아파트,A43178402,contains_ambiguous,766.0,럭키,8,19930623
경기 하남시,망월동,미사강변트래지안,A10027846,exact,620.0,LH,6,20151016
경기 용인시 기흥구,마북동,블루밍구성더센트럴,A44693813,exact,1576.0,(주)벽산건설,27,20000930
경기 용인시 수지구,풍덕천동,현대,A44878309,contains_ambiguous,1168.0,현대산업개발(주),12,19941220
경기 용인시 수지구,죽전동,벽산블루밍4단지,A44875508,contains,465.0,벽산건설(주),3,19990317
경기 용인시 수지구,죽전동,벽산블루밍2단지,A44875508,contains,465.0,벽산건설(주),3,19990317
경기 용인시 수지구,죽전동,벽산블루밍1단지,A44875508,contains,465.0,벽산건설(주),3,19990317
경기 용인시 수지구,신봉동,우남퍼스트빌,A44853509,exact,962.0,우남건설,11,20040114
경기 용인시 수지구,죽전동,벽산블루밍3단지,A44875508,contains,465.0,벽산건설(주),3,19990317
경기 용인시 수지구,죽전동,벽산블루밍3단지(301동),A44875508,contains,465.0,벽산건설(주),3,19990317
경기 용인시 수지구,동천동,우미이노스빌,A44851210,contains,396.0,우미종합건설,6,20040120
경기 용인시 수지구,상현동,성복역아이파크,A44852405,exact,584.0,현대산업개발,11,20020718
경기 용인시 수지구,상현동,서원마을현대홈타운,,no_match,,,,
경기 용인시 수지구,죽전동,현암마을동성2차,A44875411,exact,838.0,동성건설,12,19990513
경기 용인시 수지구,풍덕천동,수지삼성4차,,no_match,,,,
경기 용인시 수지구,상현동,벽산블루밍,A44813005,exact,631.0,벽산건설,8,19980831
경기 용인시 수지구,죽전동,동성1차,A44816015,contains,684.0,동성종합건설주식회사,9,19970619
경기 용인시 수지구,풍덕천동,수지삼성2차,,no_match,,,,
경기 용인시 수지구,상현동,성복역리버파크,A44874606,exact,702.0,동보건설(주),4,19980509
