지역,umdNm,aptNm,buildYear,addr_display,lat,lon,match_query
경기 성남시 분당구,구미동,까치마을(2단지)(주공),1995,미금일로,37.3473649,127.107228,대한민국 경기 성남시 분당구 구미동 미금일로
경기 성남시 분당구,구미동,까치마을(3단지)(신원),1995,미금로,37.353406,127.1101242,대한민국 경기 성남시 분당구 구미동 미금로
경기 성남시 분당구,구미동,무지개(12단지)(주공),1995,미금로22번길,37.3366417,127.118818,대한민국 경기 성남시 분당구 구미동 미금로22번길
경기 성남시 분당구,구미동,무지개(4단지)(주공),1995,미금로,37.353406,127.1101242,대한민국 경기 성남시 분당구 구미동 미금로
경기 성남시 분당구,구미동,무지개(5단지)(청구),1995,무지개로,37.3390188,127.1134483,대한민국 경기 성남시 분당구 구미동 무지개로
경기 성남시 분당구,금곡동,청솔마을(공무원),1994,금곡로,37.36077,127.0974,대한민국 경기 성남시 분당구 금곡동
경기 성남시 분당구,금곡동,청솔마을(한라),1995,정자일로,37.3619161,127.1059814,대한민국 경기 성남시 분당구 금곡동 정자일로
경기 성남시 분당구,분당동,샛별마을(동성),1992,분당로,37.3676699,127.1451726,대한민국 경기 성남시 분당구 분당동 분당로
경기 성남시 분당구,분당동,샛별마을(라이프),1992,분당로,37.3676699,127.1451726,대한민국 경기 성남시 분당구 분당동 분당로
경기 성남시 분당구,분당동,샛별마을(삼부),1992,수내로,37.36944,127.14336,대한민국 경기 성남시 분당구 분당동
경기 성남시 분당구,서현동,효자촌(임광),1992,불정로,37.3770774,127.1407084,대한민국 경기 성남시 분당구 서현동 불정로
경기 성남시 분당구,수내동,"양지마을(6단지)(금호,청구)",1992,내정로165번길,37.3743436,127.1188895,대한민국 경기 성남시 분당구 수내동 내정로165번길
경기 성남시 분당구,수내동,양지마을(6단지)(한양603동),1993,내정로173번길,37.3758676,127.1179157,대한민국 경기 성남시 분당구 수내동 내정로173번길
경기 성남시 분당구,수내동,파크타운(대림),1993,내정로166번길,37.3718256,127.1210225,대한민국 경기 성남시 분당구 수내동 내정로166번길
경기 성남시 분당구,수내동,파크타운(서안),1993,내정로174번길,37.372407,127.1218238,대한민국 경기 성남시 분당구 수내동 내정로174번길
경기 성남시 분당구,수내동,푸른마을(벽산),1992,수내로,37.3743139,127.1228406,대한민국 경기 성남시 분당구 수내동 수내로
경기 성남시 분당구,수내동,푸른마을(신성),1992,수내로,37.3743139,127.1228406,대한민국 경기 성남시 분당구 수내동 수내로
경기 성남시 분당구,수내동,푸른마을(쌍용),1992,백현로,37.3751296,127.1127944,대한민국 경기 성남시 분당구 수내동 백현로
경기 성남시 분당구,야탑동,매화마을공무원1,1995,매화로,37.40583,127.14583,대한민국 경기 성남시 분당구 야탑동
경기 성남시 분당구,야탑동,매화마을공무원2,1995,장미로,37.4134102,127.1331511,대한민국 경기 성남시 분당구 야탑동 장미로
경기 성남시 분당구,야탑동,장미마을(동부),1993,장미로,37.4134102,127.1331511,대한민국 경기 성남시 분당구 야탑동 장미로
경기 성남시 분당구,야탑동,장미마을(코오롱)1,1993,장미로,37.4134102,127.1331511,대한민국 경기 성남시 분당구 야탑동 장미로
경기 성남시 분당구,야탑동,장미마을(현대),1993,장미로,37.4134102,127.1331511,대한민국 경기 성남시 분당구 야탑동 장미로
경기 성남시 분당구,야탑동,탑마을(경남)1,1994,판교로,37.4051627,127.1493982,대한민국 경기 성남시 분당구 야탑동 판교로
경기 성남시 분당구,야탑동,탑마을(벽산),1994,야탑로,37.4061327,127.150638,대한민국 경기 성남시 분당구 야탑동 야탑로
경기 성남시 분당구,운중동,산운마을11단지(판교포레라움),2009,판교원로,37.3897305,127.0717168,대한민국 경기 성남시 분당구 운중동 판교원로
경기 성남시 분당구,운중동,산운마을12단지판교센트럴포레와이시티,2009,판교원로,37.3897305,127.0717168,대한민국 경기 성남시 분당구 운중동 판교원로
경기 성남시 분당구,운중동,산운마을8단지(부영사랑으로),2008,산운로,37.3931243,127.0732383,대한민국 경기 성남시 분당구 운중동 산운로
경기 성남시 분당구,이매동,아름마을(두산),1992,탄천로,37.3936559,127.1231283,대한민국 경기 성남시 분당구 이매동 탄천로
경기 성남시 분당구,이매동,아름마을(삼호),1992,탄천로,37.3936559,127.1231283,대한민국 경기 성남시 분당구 이매동 탄천로
경기 성남시 분당구,이매동,아름마을(한성),1992,판교로,37.39594,127.13327,대한민국 경기 성남시 분당구 이매동
경기 성남시 분당구,이매동,이매촌(삼성),1994,양현로,37.4012518,127.1254116,대한민국 경기 성남시 분당구 이매동 양현로
경기 성남시 분당구,이매동,이매촌(삼환),1994,양현로,37.4012518,127.1254116,대한민국 경기 성남시 분당구 이매동 양현로
경기 성남시 분당구,정자동,더샵분당파크리버,2021,돌마로,37.3565593,127.1190664,대한민국 경기 성남시 분당구 정자동 돌마로
경기 성남시 분당구,정자동,한솔마을(6단지)(주공),1995,내정로,37.3694096,127.1147785,대한민국 경기 성남시 분당구 정자동 내정로
경기 성남시 분당구,판교동,판교원마을6단지(판교대광로제비앙),2009,판교원로,37.3865512,127.0868189,대한민국 경기 성남시 분당구 판교동 판교원로
경기 성남시 수정구,단대동,단대푸르지오,2012,산성대로437번길,37.4513114,127.1577003,대한민국 경기 성남시 수정구 단대동 산성대로437번길
경기 성남시 수정구,신흥동,산성역자이푸르지오1단지,2024,수정로,37.445533,127.144838,대한민국 경기 성남시 수정구 신흥동 수정로
경기 성남시 수정구,신흥동,산성역자이푸르지오2단지,2024,수정로,37.445533,127.144838,대한민국 경기 성남시 수정구 신흥동 수정로
경기 성남시 수정구,신흥동,산성역자이푸르지오3단지,2024,희망로,37.4460317,127.1559039,대한민국 경기 성남시 수정구 신흥동 희망로
경기 성남시 수정구,신흥동,산성역포레스티아,2020,수정로,37.445533,127.144838,대한민국 경기 성남시 수정구 신흥동 수정로
경기 성남시 중원구,금광동,e편한세상금빛그랑메종1단지,2023,금광로,37.4439413,127.1637913,대한민국 경기 성남시 중원구 금광동 금광로
경기 성남시 중원구,금광동,e편한세상금빛그랑메종2단지,2023,금광로,37.4439413,127.1637913,대한민국 경기 성남시 중원구 금광동 금광로
경기 성남시 중원구,금광동,e편한세상금빛그랑메종3단지,2023,금광로,37.4439413,127.1637913,대한민국 경기 성남시 중원구 금광동 금광로
경기 성남시 중원구,금광동,e편한세상금빛그랑메종4단지,2023,금광로,37.4439413,127.1637913,대한민국 경기 성남시 중원구 금광동 금광로
경기 성남시 중원구,금광동,e편한세상금빛그랑메종5단지,2023,금광로,37.4439413,127.1637913,대한민국 경기 성남시 중원구 금광동 금광로
경기 성남시 중원구,여수동,산들마을2단지,2015,여수울로,37.4187789,127.1332136,대한민국 경기 성남시 중원구 여수동 여수울로
경기 성남시 중원구,중앙동,신흥역하늘채랜더스원1단지,2022,광명로,37.4401028,127.1490979,대한민국 경기 성남시 중원구 중앙동 광명로
경기 성남시 중원구,중앙동,신흥역하늘채랜더스원2단지,2022,광명로,37.4401028,127.1490979,대한민국 경기 성남시 중원구 중앙동 광명로
경기 성남시 중원구,중앙동,신흥역하늘채랜더스원3단지,2022,광명로,37.4401028,127.1490979,대한민국 경기 성남시 중원구 중앙동 광명로
경기 수원시 영통구,원천동,광교호반베르디움,2014,광교호수공원로,37.2794395,127.0597489,대한민국 경기 수원시 영통구 원천동 광교호수공원로
경기 수원시 장안구,정자동,화서역파크푸르지오,2021,대평로,37.2963874,126.9925667,대한민국 경기 수원시 장안구 정자동 대평로
경기 안양시 동안구,관양동,인덕원마을(삼성),1998,안양판교로,37.4043622,126.96415,대한민국 경기 안양시 동안구 관양동
경기 안양시 동안구,관양동,평촌더샵센트럴시티,2016,시민대로327번길,37.4043622,126.96415,대한민국 경기 안양시 동안구 관양동
경기 안양시 동안구,비산동,평촌래미안푸르지오,2022,경수대로884번길,37.4011874,126.9428157,대한민국 경기 안양시 동안구 비산동
경기 안양시 동안구,평촌동,인덕원대우,2001,학의로,37.3952226,126.9806939,대한민국 경기 안양시 동안구 평촌동 학의로
경기 안양시 동안구,평촌동,향촌롯데,1993,평촌대로180번길,37.3886424,126.9599778,대한민국 경기 안양시 동안구 평촌동 평촌대로180번길
경기 안양시 동안구,평촌동,향촌마을현대4차,1992,귀인로,37.3870575,126.9656233,대한민국 경기 안양시 동안구 평촌동 귀인로
경기 안양시 동안구,평촌동,향촌마을현대5차,1993,귀인로,37.3870575,126.9656233,대한민국 경기 안양시 동안구 평촌동 귀인로
경기 안양시 동안구,호계동,평촌센텀퍼스트,2023,갈산로,37.3779842,126.9543224,대한민국 경기 안양시 동안구 호계동
경기 안양시 동안구,호계동,평촌트리지아,2024,귀인로98번길,37.3806694,126.9511839,대한민국 경기 안양시 동안구 호계동 귀인로98번길
경기 용인시 기흥구,마북동,e편한세상구성역플랫폼시티,2024,구성로,37.294616,127.1132097,대한민국 경기 용인시 기흥구 마북동 구성로
경기 용인시 수지구,동천동,동천센트럴자이,2019,고기로45번길,37.3414641,127.0956336,대한민국 경기 용인시 수지구 동천동 고기로45번길
경기 용인시 수지구,상현동,광교자이더클래스,2012,광교마을로,37.2990111,127.0673935,대한민국 경기 용인시 수지구 상현동 광교마을로
경기 용인시 수지구,풍덕천동,수지파크푸르지오,2019,풍덕천로171번길,37.3261591,127.0999978,대한민국 경기 용인시 수지구 풍덕천동 풍덕천로171번길
경기 용인시 수지구,풍덕천동,신정7단지(상록)공무원,2000,풍덕천로,37.3258899,127.1004363,대한민국 경기 용인시 수지구 풍덕천동 풍덕천로
경기 용인시 수지구,풍덕천동,신정마을주공1,2000,풍덕천로,37.3258899,127.1004363,대한민국 경기 용인시 수지구 풍덕천동 풍덕천로
경기 용인시 수지구,풍덕천동,용인수지신정마을9단지,2000,풍덕천로,37.3258899,127.1004363,대한민국 경기 용인시 수지구 풍덕천동 풍덕천로
경기 용인시 수지구,풍덕천동,한성,1995,문정로,37.3220791,127.0965025,대한민국 경기 용인시 수지구 풍덕천동 문정로
경기 용인시 수지구,풍덕천동,현대성우8차,1999,풍덕천로,37.3258899,127.1004363,대한민국 경기 용인시 수지구 풍덕천동 풍덕천로
경기 하남시,감이동,감일센트레빌,2020,감일백제로,37.501366,127.1633044,대한민국 경기 하남시 감이동 감일백제로
경기 하남시,덕풍동,더샵하남에디피스,2024,하남대로,37.5457983,127.1988917,대한민국 경기 하남시 덕풍동 하남대로
경기 하남시,망월동,미사강변 골든 센트로,2014,미사강변동로,37.5694662,127.1900597,대한민국 경기 하남시 망월동 미사강변동로
경기 하남시,망월동,미사강변루나리움,2015,아리수로,37.567055,127.1888804,대한민국 경기 하남시 망월동 아리수로
경기 하남시,망월동,미사강변스타힐스아파트,2016,미사강변대로,37.5680064,127.184794,대한민국 경기 하남시 망월동 미사강변대로
경기 하남시,망월동,미사강변파밀리에,2014,아리수로,37.567055,127.1888804,대한민국 경기 하남시 망월동 아리수로
경기 하남시,망월동,미사강변효성해링턴플레이스엔에이치에프,2017,미사강변한강로,37.5750503,127.1765463,대한민국 경기 하남시 망월동 미사강변한강로
경기 하남시,선동,미사강변 센트리버,2016,미사강변대로,37.5781555,127.1795201,대한민국 경기 하남시 선동 미사강변대로
경기 하남시,선동,미사강변리슈빌엔에이치에프,2018,미사강변북로,37.5727734,127.1914733,대한민국 경기 하남시 선동 미사강변북로
경기 하남시,신장동,하남호반써밋에듀파크,2021,하남유니온로,37.5461978,127.2144661,대한민국 경기 하남시 신장동 하남유니온로
경기 하남시,풍산동,미사강변동일하이빌,2018,미사강변서로,37.5545437,127.1839574,대한민국 경기 하남시 풍산동 미사강변서로
서울 강남구,논현동,경남논현,1996,언주로116길,37.5123018,127.0294935,대한민국 서울 강남구 논현동
서울 강남구,삼성동,삼성풍림2차아파트,1998,봉은사로105길,37.5174292,127.0604692,대한민국 서울 강남구 삼성동 봉은사로105길
서울 강남구,세곡동,강남신동아파밀리에1단지,2011,헌릉로590길,37.4622531,127.1012819,대한민국 서울 강남구 세곡동 헌릉로590길
서울 강남구,역삼동,브라운스톤역삼,2004,역삼로,37.4995545,127.0478452,대한민국 서울 강남구 역삼동 역삼로
서울 강남구,역삼동,세방하이빌1,2003,역삼로,37.4995545,127.0478452,대한민국 서울 강남구 역삼동 역삼로
서울 강남구,역삼동,시티프라디움더강남101동,2021,언주로,37.4963919,127.0458068,대한민국 서울 강남구 역삼동 언주로
서울 강남구,자곡동,강남자곡 힐스테이트,2015,자곡로3길,37.4712091,127.0898208,대한민국 서울 강남구 자곡동 자곡로3길
서울 강동구,강일동,강동리버스트4단지,2020,아리수로93가길,37.5704924,127.1720341,대한민국 서울 강동구 강일동 아리수로93가길
서울 강동구,강일동,강동리버스트8단지,2021,아리수로93나길,37.56723,127.1713,대한민국 서울 강동구 강일동
서울 강동구,강일동,강일리버파크1단지,2009,아리수로93가길,37.5704924,127.1720341,대한민국 서울 강동구 강일동 아리수로93가길
서울 강동구,강일동,강일리버파크3단지,2009,아리수로93길,37.5648044,127.1740647,대한민국 서울 강동구 강일동 아리수로93길
서울 강동구,강일동,강일리버파크5단지,2009,아리수로97길,37.5681838,127.1769489,대한민국 서울 강동구 강일동 아리수로97길
서울 강동구,강일동,고덕리엔파크2단지,2011,고덕로,37.5580579,127.1783711,대한민국 서울 강동구 강일동 고덕로
서울 강동구,고덕동,고덕센트럴푸르지오,2020,고덕로,37.5561996,127.1622583,대한민국 서울 강동구 고덕동 고덕로
서울 강동구,고덕동,래미안힐스테이트고덕,2016,아리수로50길,37.56528,127.15761,대한민국 서울 강동구 고덕동
서울 강동구,고덕동,배재현대,1995,고덕로61길,37.56528,127.15761,대한민국 서울 강동구 고덕동
서울 강동구,길동,삼익파크맨션,1982,명일로,37.5448724,127.1482916,대한민국 서울 강동구 길동 명일로
서울 강동구,길동,이편한세상강동에코포레,2020,천중로,37.5410954,127.1392306,대한민국 서울 강동구 길동 천중로
서울 강동구,둔촌동,더샵파크솔레이유,2023,진황도로61길,37.5289132,127.1445825,대한민국 서울 강동구 둔촌동 진황도로61길
서울 강동구,둔촌동,둔촌푸르지오,2010,명일로,37.5324351,127.1441069,대한민국 서울 강동구 둔촌동 명일로
서울 강동구,둔촌동,둔촌하이츠,1998,명일로,37.5324351,127.1441069,대한민국 서울 강동구 둔촌동 명일로
서울 강동구,둔촌동,신동아파밀리에,2002,양재대로96길,37.5291594,127.1397427,대한민국 서울 강동구 둔촌동 양재대로96길
서울 강동구,둔촌동,신성둔촌미소지움1,1998,명일로,37.5324351,127.1441069,대한민국 서울 강동구 둔촌동 명일로
서울 강동구,둔촌동,신성둔촌미소지움2,2000,진황도로,37.5276895,127.1448084,대한민국 서울 강동구 둔촌동 진황도로
서울 강동구,둔촌동,현대2,1988,풍성로65길,37.5311931,127.1418066,대한민국 서울 강동구 둔촌동 풍성로65길
서울 강동구,명일동,명일지에스아파트,1999,상암로51길,37.54841,127.15158,대한민국 서울 강동구 명일동
서울 강동구,상일동,강동리엔파크14단지,2021,고덕로98길,37.5567762,127.1667789,대한민국 서울 강동구 상일동
서울 강동구,상일동,고덕아르테스미소지움,2022,동남로,37.5567762,127.1667789,대한민국 서울 강동구 상일동
서울 강동구,상일동,중앙하이츠,1992,구천면로,37.5511253,127.162709,대한민국 서울 강동구 상일동 구천면로
서울 강동구,성내동,그란츠리버파크,2025,천호대로,37.52998,127.12875,대한민국 서울 강동구 성내동
서울 강동구,성내동,성내동삼성아파트,1999,풍성로,37.5309024,127.1290289,대한민국 서울 강동구 성내동 풍성로
서울 강동구,성내동,성안마을청구,2002,풍성로,37.5309024,127.1290289,대한민국 서울 강동구 성내동 풍성로
서울 강동구,성내동,올림픽파크한양수자인,2016,성내로,37.5287555,127.1254049,대한민국 서울 강동구 성내동 성내로
서울 강동구,성내동,코오롱(1차),1999,천호대로168길,37.52998,127.12875,대한민국 서울 강동구 성내동
서울 강동구,암사동,삼성광나루,2002,상암로3길,37.5582352,127.1308542,대한민국 서울 강동구 암사동
서울 강동구,암사동,선사현대아파트,2000,상암로,37.5582352,127.1308542,대한민국 서울 강동구 암사동
서울 강동구,암사동,한강현대,1999,올림픽로104길,37.5555709,127.130993,대한민국 서울 강동구 암사동 올림픽로104길
서울 강동구,암사동,힐스테이트 강동 리버뷰,2019,올림픽로91길,37.5582352,127.1308542,대한민국 서울 강동구 암사동
서울 강동구,천호동,래미안강동팰리스,2017,천호대로,37.5398257,127.1210652,대한민국 서울 강동구 천호동 천호대로
서울 강동구,천호동,천호태영아파트,1999,천호대로,37.5398257,127.1210652,대한민국 서울 강동구 천호동 천호대로
서울 강동구,천호동,힐데스하임천호아파트,2023,올림픽로78길,37.5417054,127.1282347,대한민국 서울 강동구 천호동 올림픽로78길
서울 강서구,가양동,가양6단지,1992,허준로,37.5652746,126.8535207,대한민국 서울 강서구 가양동 허준로
서울 강서구,가양동,가양강나루현대,1999,양천로,37.5627471,126.8519544,대한민국 서울 강서구 가양동 양천로
서울 강서구,가양동,강서한강자이,2013,양천로55길,37.5658831,126.8498476,대한민국 서울 강서구 가양동 양천로55길
서울 강서구,내발산동,마곡수명산파크4단지,2008,수명로1길,37.5539189,126.8377194,대한민국 서울 강서구 내발산동
서울 강서구,내발산동,마곡수명산파크5단지,2008,수명로2길,37.5539189,126.8377194,대한민국 서울 강서구 내발산동
서울 강서구,내발산동,우장산힐스테이트,2005,강서로,37.5507788,126.8363291,대한민국 서울 강서구 내발산동 강서로
서울 강서구,등촌동,주공10,1995,화곡로63가길,37.552056,126.8615649,대한민국 서울 강서구 등촌동
서울 강서구,등촌동,주공3,1995,강서로56나길,37.552056,126.8615649,대한민국 서울 강서구 등촌동
서울 강서구,등촌동,주공5,1995,공항대로39길,37.552056,126.8615649,대한민국 서울 강서구 등촌동
서울 강서구,마곡동,마곡13단지힐스테이트마스터,2017,마곡중앙1로,37.5700377,126.8301736,대한민국 서울 강서구 마곡동
서울 강서구,마곡동,마곡엠밸리8단지,2016,마곡서1로,37.56903,126.8184159,대한민국 서울 강서구 마곡동 마곡서1로
서울 강서구,마곡동,마곡엠밸리9단지,2021,공항대로,37.5700377,126.8301736,대한민국 서울 강서구 마곡동
서울 강서구,마곡동,마곡엠벨리(15단지),2014,마곡중앙로,37.5632753,126.8258655,대한민국 서울 강서구 마곡동 마곡중앙로
서울 강서구,마곡동,마곡푸르지오,2008,방화대로34길,37.5699731,126.8189732,대한민국 서울 강서구 마곡동 방화대로34길
서울 강서구,마곡동,마곡힐스테이트,2017,마곡중앙3로,37.5627766,126.8187392,대한민국 서울 강서구 마곡동 마곡중앙3로
서울 강서구,마곡동,한솔솔파크,2005,양천로30길,37.5684941,126.8222291,대한민국 서울 강서구 마곡동 양천로30길
서울 강서구,염창동,e편한세상염창,2019,공항대로,37.5471114,126.8754487,대한민국 서울 강서구 염창동 공항대로
서울 강서구,염창동,동아,1998,양천로69길,37.5536507,126.8711418,대한민국 서울 강서구 염창동 양천로69길
서울 강서구,염창동,동아3,1999,양천로,37.5477666,126.8796781,대한민국 서울 강서구 염창동 양천로
서울 강서구,염창동,삼정그린코아,2001,공항대로75길,37.5482688,126.8748084,대한민국 서울 강서구 염창동 공항대로75길
서울 강서구,염창동,성원,2001,양천로69길,37.5536507,126.8711418,대한민국 서울 강서구 염창동 양천로69길
서울 강서구,염창동,염창1차한화꿈에그린,2005,공항대로75길,37.5482688,126.8748084,대한민국 서울 강서구 염창동 공항대로75길
서울 강서구,염창동,태진한솔,1994,공항대로71길,37.548253,126.8723099,대한민국 서울 강서구 염창동 공항대로71길
서울 강서구,화곡동,강서힐스테이트,2015,우현로,37.542134,126.8441752,대한민국 서울 강서구 화곡동
서울 강서구,화곡동,우장산숲아이파크,2022,화곡로31다길,37.542134,126.8441752,대한민국 서울 강서구 화곡동
서울 강서구,화곡동,"우장산아이파크,이편한세상",2008,강서로,37.5397125,126.8418447,대한민국 서울 강서구 화곡동 강서로
서울 관악구,봉천동,e편한세상서울대입구1단지,2019,청룡10길,37.4750064,126.9571404,대한민국 서울 관악구 봉천동
서울 관악구,봉천동,e편한세상서울대입구2단지,2019,청룡16길,37.4750064,126.9571404,대한민국 서울 관악구 봉천동
서울 관악구,봉천동,e편한세상서울대입구2차,2020,참숯1길,37.4750064,126.9571404,대한민국 서울 관악구 봉천동
서울 관악구,봉천동,관악동부센트레빌,2004,은천로33길,37.4750064,126.9571404,대한민국 서울 관악구 봉천동
서울 관악구,봉천동,관악드림(동아),2003,성현로,37.4750064,126.9571404,대한민국 서울 관악구 봉천동
서울 관악구,봉천동,관악드림(삼성),2003,성현로,37.4750064,126.9571404,대한민국 서울 관악구 봉천동
서울 관악구,봉천동,관악푸르지오,2004,관악로30길,37.4750064,126.9571404,대한민국 서울 관악구 봉천동
서울 관악구,봉천동,두산,2000,봉천로,37.4823207,126.9495664,대한민국 서울 관악구 봉천동 봉천로
서울 관악구,봉천동,벽산블루밍,2005,은천로,37.4868567,126.9477403,대한민국 서울 관악구 봉천동 은천로
서울 관악구,봉천동,봉천우성,2000,관악로30길,37.4750064,126.9571404,대한민국 서울 관악구 봉천동
서울 관악구,신림동,힐스테이트뉴포레,2022,조원로,37.486897,126.928177,대한민국 서울 관악구 신림동
서울 광진구,광장동,삼성광장2,1989,아차산로,37.5548057,127.1122994,대한민국 서울 광진구 광장동 아차산로
서울 광진구,광장동,청구,1996,아차산로,37.5548057,127.1122994,대한민국 서울 광진구 광장동 아차산로
서울 광진구,광장동,현대3,1990,아차산로70길,37.5411466,127.1029198,대한민국 서울 광진구 광장동 아차산로70길
서울 광진구,광장동,현대5,1989,아차산로70길,37.5411466,127.1029198,대한민국 서울 광진구 광장동 아차산로70길
서울 광진구,구의동,구의현대7단지현대홈타운,1997,구의강변로3가길,37.5444896,127.0874678,대한민국 서울 광진구 구의동
서울 광진구,구의동,성동강변파크빌101(강변타워),2001,구의강변로5길,37.5444896,127.0874678,대한민국 서울 광진구 구의동
서울 광진구,구의동,현대프라임,1997,광나루로56길,37.5444896,127.0874678,대한민국 서울 광진구 구의동
서울 광진구,자양동,경남,1999,뚝섬로52길,37.5316905,127.0749477,대한민국 서울 광진구 자양동
서울 광진구,자양동,대동,1999,뚝섬로31길,37.5316905,127.0749477,대한민국 서울 광진구 자양동
서울 광진구,자양동,로얄동아,1999,뚝섬로52마길,37.5316905,127.0749477,대한민국 서울 광진구 자양동
서울 광진구,자양동,우방리버파크,2003,능동로4길,37.5323695,127.0697215,대한민국 서울 광진구 자양동 능동로4길
서울 광진구,자양동,우성1,1988,뚝섬로,37.5342297,127.0721232,대한민국 서울 광진구 자양동 뚝섬로
서울 광진구,자양동,자양삼성,1999,뚝섬로40길,37.5323165,127.0723784,대한민국 서울 광진구 자양동 뚝섬로40길
서울 광진구,자양동,자양현대5,1998,뚝섬로54길,37.5316905,127.0749477,대한민국 서울 광진구 자양동
서울 광진구,자양동,자양현대6,1999,자양번영로3길,37.5321635,127.0730654,대한민국 서울 광진구 자양동 자양번영로3길
서울 광진구,자양동,한라아파트,1996,뚝섬로33길,37.5361174,127.0698389,대한민국 서울 광진구 자양동 뚝섬로33길
서울 광진구,자양동,현대3,1996,뚝섬로58길,37.5316905,127.0749477,대한민국 서울 광진구 자양동
서울 광진구,화양동,화양현대,1999,동일로24길,37.543092,127.0683275,대한민국 서울 광진구 화양동 동일로24길
서울 구로구,구로동,신도림롯데아파트,1999,새말로,37.5001186,126.8803529,대한민국 서울 구로구 구로동 새말로
서울 구로구,구로동,신도림태영타운,2000,새말로,37.5001186,126.8803529,대한민국 서울 구로구 구로동 새말로
서울 구로구,신도림동,대림1,1999,신도림로,37.5088351,126.8815707,대한민국 서울 구로구 신도림동 신도림로
서울 구로구,신도림동,대림2,2001,신도림로,37.5088351,126.8815707,대한민국 서울 구로구 신도림동 신도림로
서울 구로구,신도림동,동아1,1999,신도림로,37.5088351,126.8815707,대한민국 서울 구로구 신도림동 신도림로
서울 구로구,신도림동,동아2,2000,경인로,37.5041773,126.8816597,대한민국 서울 구로구 신도림동 경인로
서울 구로구,신도림동,동아3,2000,신도림로,37.5088351,126.8815707,대한민국 서울 구로구 신도림동 신도림로
서울 구로구,신도림동,디큐브시티,2011,경인로,37.5041773,126.8816597,대한민국 서울 구로구 신도림동 경인로
서울 구로구,신도림동,현대홈타운아파트,1999,신도림로19길,37.5119938,126.8824423,대한민국 서울 구로구 신도림동 신도림로19길
서울 노원구,월계동,삼호3,1986,마들로,37.6369353,127.0580765,대한민국 서울 노원구 월계동 마들로
서울 동대문구,답십리동,e편한세상답십리아르테포레,2025,전농로4나길,37.57002,127.05467,대한민국 서울 동대문구 답십리동
서울 동대문구,답십리동,답십리대우,2002,답십리로41길,37.5735497,127.0540803,대한민국 서울 동대문구 답십리동 답십리로41길
서울 동대문구,답십리동,답십리파크자이,2019,답십리로56길,37.57002,127.05467,대한민국 서울 동대문구 답십리동
서울 동대문구,답십리동,두산위브,2007,황물로15길,37.56506,127.0571639,대한민국 서울 동대문구 답십리동 황물로15길
서울 동대문구,답십리동,래미안미드카운티,2019,답십리로,37.5747327,127.0499421,대한민국 서울 동대문구 답십리동 답십리로
서울 동대문구,답십리동,래미안위브,2014,답십리로,37.5747327,127.0499421,대한민국 서울 동대문구 답십리동 답십리로
서울 동대문구,답십리동,청계한신휴플러스,2010,서울시립대로,37.573137,127.0452975,대한민국 서울 동대문구 답십리동 서울시립대로
서울 동대문구,답십리동,힐스테이트청계,2018,천호대로55길,37.5708382,127.0477712,대한민국 서울 동대문구 답십리동 천호대로55길
서울 동대문구,용두동,래미안 허브리츠,2011,정릉천동로,37.5731376,127.0353603,대한민국 서울 동대문구 용두동 정릉천동로
서울 동대문구,용두동,래미안엘리니티,2022,한빛로,37.5787721,127.0319051,대한민국 서울 동대문구 용두동 한빛로
서울 동대문구,용두동,용두두산위브,2009,정릉천동로,37.5731376,127.0353603,대한민국 서울 동대문구 용두동 정릉천동로
서울 동대문구,용두동,이편한세상청계센트럴포레,2021,무학로,37.5719233,127.0304973,대한민국 서울 동대문구 용두동 무학로
서울 동대문구,용두동,청량리역해링턴플레이스,2023,고산자로34길,37.5780581,127.0406265,대한민국 서울 동대문구 용두동 고산자로34길
서울 동대문구,이문동,래미안이문2차,2004,이문로12길,37.593419,127.0586305,대한민국 서울 동대문구 이문동 이문로12길
서울 동대문구,장안동,래미안장안,2003,장한로14길,37.5655528,127.0708525,대한민국 서울 동대문구 장안동 장한로14길
서울 동대문구,장안동,장안현대홈타운(336),2003,장안벚꽃로,37.5672703,127.0746237,대한민국 서울 동대문구 장안동 장안벚꽃로
서울 동대문구,장안동,장안힐스테이트,2007,장안벚꽃로1길,37.57105,127.06806,대한민국 서울 동대문구 장안동
서울 동대문구,전농동,동대문롯데캐슬노블레스,2018,답십리로23길,37.5789239,127.0513668,대한민국 서울 동대문구 전농동 답십리로23길
서울 동대문구,전농동,래미안아름숲,2012,전농로16길,37.5806,127.05543,대한민국 서울 동대문구 전농동
서울 동대문구,전농동,래미안크레시티,2014,사가정로,37.5773921,127.057505,대한민국 서울 동대문구 전농동 사가정로
서울 동대문구,전농동,전농SK,2000,사가정로,37.5773921,127.057505,대한민국 서울 동대문구 전농동 사가정로
서울 동대문구,제기동,한신아파트,2004,고산자로,37.5894238,127.0366378,대한민국 서울 동대문구 제기동 고산자로
서울 동대문구,휘경동,휘경SK뷰,2019,휘경로,37.58773,127.06526,대한민국 서울 동대문구 휘경동
서울 동대문구,휘경동,휘경자이디센시아,2025,외대역동로,37.5909966,127.0671927,대한민국 서울 동대문구 휘경동 외대역동로
서울 동대문구,휘경동,휘경해모로프레스티지,2021,외대역동로1길,37.58773,127.06526,대한민국 서울 동대문구 휘경동
서울 동작구,노량진동,신동아리버파크,2001,만양로,37.5124196,126.9446412,대한민국 서울 동작구 노량진동 만양로
서울 동작구,노량진동,쌍용예가,2010,장승배기로16길,37.5082099,126.943063,대한민국 서울 동작구 노량진동 장승배기로16길
서울 동작구,노량진동,우성,1997,만양로8길,37.510106,126.9466493,대한민국 서울 동작구 노량진동 만양로8길
서울 동작구,노량진동,힐스테이트장승배기역,2026,상도로,37.5126131,126.942124,대한민국 서울 동작구 노량진동
서울 동작구,대방동,대림아파트,1993,여의대방로44길,37.5092473,126.9284204,대한민국 서울 동작구 대방동 여의대방로44길
서울 동작구,대방동,대방동현대,1994,등용로,37.505551,126.9342135,대한민국 서울 동작구 대방동 등용로
서울 동작구,대방동,주공2,1995,여의대방로44길,37.5092473,126.9284204,대한민국 서울 동작구 대방동 여의대방로44길
서울 동작구,대방동,현대홈타운2,1999,알마타길,37.5112404,126.9285068,대한민국 서울 동작구 대방동 알마타길
서울 동작구,본동,삼성래미안,2004,매봉로,37.5102437,126.9511539,대한민국 서울 동작구 본동 매봉로
서울 동작구,본동,신동아,1993,매봉로,37.5102437,126.9511539,대한민국 서울 동작구 본동 매봉로
서울 동작구,본동,유원강변,2000,노량진로23가길,37.5147132,126.9508771,대한민국 서울 동작구 본동 노량진로23가길
서울 동작구,사당동,극동(105),1993,동작대로29길,37.48508,126.9704949,대한민국 서울 동작구 사당동
서울 동작구,사당동,대림(169-8),1990,사당로17길,37.4849092,126.9734819,대한민국 서울 동작구 사당동 사당로17길
서울 동작구,사당동,두산위브트레지움,2011,사당로13길,37.4851574,126.972201,대한민국 서울 동작구 사당동 사당로13길
서울 동작구,사당동,사당롯데캐슬골든포레,2021,사당로,37.4927818,126.9629441,대한민국 서울 동작구 사당동 사당로
서울 동작구,사당동,사당자이,1999,사당로2가길,37.48508,126.9704949,대한민국 서울 동작구 사당동
서울 동작구,사당동,사당휴먼시아,2009,사당로16길,37.48508,126.9704949,대한민국 서울 동작구 사당동
서울 동작구,사당동,신동아4,1993,동작대로29길,37.48508,126.9704949,대한민국 서울 동작구 사당동
서울 동작구,사당동,신동아5,1998,동작대로29길,37.48508,126.9704949,대한민국 서울 동작구 사당동
서울 동작구,사당동,제일,1987,사당로16다길,37.48508,126.9704949,대한민국 서울 동작구 사당동
서울 동작구,상도동,삼성래미안2,2003,상도로55길,37.4988159,126.9441045,대한민국 서울 동작구 상도동
서울 동작구,상도동,상도동래미안1차,2004,등용로,37.4988159,126.9441045,대한민국 서울 동작구 상도동
서울 동작구,상도동,상도푸르지오클라베뉴,2024,성대로,37.4987549,126.9336939,대한민국 서울 동작구 상도동 성대로
서울 동작구,상도동,중앙하이츠빌,2003,상도로,37.5030223,126.9360156,대한민국 서울 동작구 상도동 상도로
서울 동작구,상도동,힐스테이트 상도 센트럴파크,2012,상도로,37.5030223,126.9360156,대한민국 서울 동작구 상도동 상도로
서울 동작구,신대방동,보라매e편한세상,2010,보라매로,37.4987451,126.928163,대한민국 서울 동작구 신대방동 보라매로
서울 동작구,신대방동,보라매자이더포레스트,2021,여의대방로22길,37.4980601,126.9261666,대한민국 서울 동작구 신대방동 여의대방로22길
서울 동작구,신대방동,한성아파트,1995,여의대방로10길,37.4914562,126.9166688,대한민국 서울 동작구 신대방동
서울 동작구,흑석동,우리유앤미,2003,서달로,37.5042013,126.9607734,대한민국 서울 동작구 흑석동 서달로
서울 동작구,흑석동,청호,1997,서달로2길,37.5003347,126.9624163,대한민국 서울 동작구 흑석동 서달로2길
서울 동작구,흑석동,흑석동양아파트,2003,서달로1길,37.5001169,126.9599182,대한민국 서울 동작구 흑석동 서달로1길
서울 마포구,공덕동,마포현대,1988,마포대로11길,37.549927,126.9592897,대한민국 서울 마포구 공덕동
서울 마포구,도화동,마포동원베네스트,2010,도화4길,37.5390483,126.9512567,대한민국 서울 마포구 도화동 도화4길
서울 마포구,도화동,한화오벨리스크,2004,마포대로,37.5416713,126.9493505,대한민국 서울 마포구 도화동 마포대로
서울 마포구,도화동,현대홈타운,2000,새창로8길,37.5372505,126.9524443,대한민국 서울 마포구 도화동 새창로8길
서울 마포구,마포동,마포쌍용황금아파트,2000,마포대로4라길,37.53672,126.94288,대한민국 서울 마포구 마포동
서울 마포구,망원동,마포한강아이파크,2019,희우정로,37.5554867,126.9000582,대한민국 서울 마포구 망원동 희우정로
서울 마포구,상암동,상암월드컵파크2단지,2003,월드컵북로47길,37.5740667,126.8926152,대한민국 서울 마포구 상암동 월드컵북로47길
서울 마포구,성산동,월드컵아이파크(667),2009,모래내로9길,37.5678161,126.9127181,대한민국 서울 마포구 성산동 모래내로9길
서울 마포구,신공덕동,신공덕e편한세상,2007,백범로,37.5447,126.95606,대한민국 서울 마포구 신공덕동
서울 마포구,신공덕동,신공덕래미안2차,2000,만리재로,37.5453602,126.9563019,대한민국 서울 마포구 신공덕동 만리재로
서울 마포구,신수동,신수동성원,1998,독막로28길,37.5456027,126.9369961,대한민국 서울 마포구 신수동 독막로28길
서울 마포구,신수동,신촌삼익,1997,신수로,37.5472043,126.9343,대한민국 서울 마포구 신수동 신수로
서울 마포구,신정동,서강GS,1999,창전로,37.5441889,126.9305677,대한민국 서울 마포구 신정동 창전로
서울 마포구,연남동,코오롱,2003,연남로,37.5615616,126.922487,대한민국 서울 마포구 연남동 연남로
서울 마포구,염리동,상록,1997,숭문길,37.5484653,126.9460826,대한민국 서울 마포구 염리동 숭문길
서울 마포구,염리동,염리삼성래미안,2001,백범로25길,37.5494,126.9483368,대한민국 서울 마포구 염리동 백범로25길
서울 마포구,창전동,창전동현대홈타운,2005,서강로,37.55007,126.92938,대한민국 서울 마포구 창전동
서울 마포구,창전동,창전래미안,1998,서강로,37.55007,126.92938,대한민국 서울 마포구 창전동
서울 마포구,현석동,밤섬힐스테이트,1999,신수로3길,37.5424927,126.933417,대한민국 서울 마포구 현석동 신수로3길
서울 서대문구,남가좌동,DMC금호리첸시아,2024,수색로2길,37.5766371,126.921065,대한민국 서울 서대문구 남가좌동
서울 서대문구,남가좌동,DMC센트럴아이파크,2018,증가로,37.5775693,126.9220241,대한민국 서울 서대문구 남가좌동 증가로
서울 서대문구,남가좌동,DMC센트레빌,2009,거북골로,37.5752269,126.9159899,대한민국 서울 서대문구 남가좌동 거북골로
서울 서대문구,남가좌동,DMC에코자이,2019,거북골로,37.5752269,126.9159899,대한민국 서울 서대문구 남가좌동 거북골로
서울 서대문구,남가좌동,DMC파크뷰자이1단지,2015,가재울미래로,37.5766371,126.921065,대한민국 서울 서대문구 남가좌동
서울 서대문구,남가좌동,DMC파크뷰자이2단지,2015,가재울미래로,37.5766371,126.921065,대한민국 서울 서대문구 남가좌동
서울 서대문구,남가좌동,DMC파크뷰자이3단지,2015,가재울미래로,37.5766371,126.921065,대한민국 서울 서대문구 남가좌동
서울 서대문구,남가좌동,DMC파크뷰자이4단지,2015,가재울미래로,37.5766371,126.921065,대한민국 서울 서대문구 남가좌동
서울 서대문구,남가좌동,DMC파크뷰자이5단지,2015,가재울미래로,37.5766371,126.921065,대한민국 서울 서대문구 남가좌동
서울 서대문구,남가좌동,래미안남가좌2차,2005,수색로6길,37.5766371,126.921065,대한민국 서울 서대문구 남가좌동
서울 서대문구,남가좌동,래미안루센티아,2020,거북골로,37.5752269,126.9159899,대한민국 서울 서대문구 남가좌동 거북골로
서울 서대문구,냉천동,돈의문센트레빌,2011,독립문로14길,37.5668762,126.9614941,대한민국 서울 서대문구 냉천동 독립문로14길
서울 서대문구,대현동,신촌럭키,1999,이화여대길,37.5593267,126.9435755,대한민국 서울 서대문구 대현동 이화여대길
서울 서대문구,북가좌동,DMC래미안e편한세상,2012,수색로,37.5789959,126.9103438,대한민국 서울 서대문구 북가좌동
서울 서대문구,북아현동,e편한세상신촌3단지,2018,북아현로,37.5670585,126.9513361,대한민국 서울 서대문구 북아현동 북아현로
서울 서대문구,북아현동,두산,1999,이화여대8길,37.5594699,126.9493951,대한민국 서울 서대문구 북아현동 이화여대8길
서울 서대문구,합동,에스케이뷰,2008,서소문로,37.5593883,126.9637105,대한민국 서울 서대문구 합동 서소문로
서울 서대문구,현저동,독립문극동(200-0),1998,독립문공원길,37.572601,126.9570652,대한민국 서울 서대문구 현저동 독립문공원길
서울 서대문구,홍은동,e편한세상서대문,2023,통일로,37.5962144,126.9391908,대한민국 서울 서대문구 홍은동 통일로
서울 서대문구,홍은동,북한산더샵,2017,통일로,37.5962144,126.9391908,대한민국 서울 서대문구 홍은동 통일로
서울 서대문구,홍제동,서대문푸르지오센트럴파크,2023,통일로,37.5856103,126.9487203,대한민국 서울 서대문구 홍제동 통일로
서울 서대문구,홍제동,인왕산현대,2000,통일로34길,37.5861285,126.9498964,대한민국 서울 서대문구 홍제동 통일로34길
서울 서대문구,홍제동,홍제센트럴IPARK,2020,통일로,37.5856103,126.9487203,대한민국 서울 서대문구 홍제동 통일로
서울 서대문구,홍제동,홍제역해링턴플레이스,2024,세무서8길,37.5871,126.94676,대한민국 서울 서대문구 홍제동
서울 서대문구,홍제동,홍제원현대(459-0),2000,통일로34길,37.5861285,126.9498964,대한민국 서울 서대문구 홍제동 통일로34길
서울 서초구,방배동,방배중앙센트레빌,2021,방배중앙로,37.4787937,126.9929225,대한민국 서울 서초구 방배동
서울 서초구,방배동,서초이에스에이3차,2002,명달로,37.4782481,127.0046636,대한민국 서울 서초구 방배동 명달로
서울 서초구,방배동,서초훼미리하우스,2017,효령로,37.4818504,127.0026258,대한민국 서울 서초구 방배동 효령로
서울 서초구,서초동,두진한아름,1995,효령로67길,37.488923,127.0230357,대한민국 서울 서초구 서초동 효령로67길
서울 서초구,서초동,비버리캐슬,2020,반포대로9길,37.4884513,127.0164398,대한민국 서울 서초구 서초동
서울 서초구,서초동,서초한빛삼성,1999,서초대로40길,37.4884513,127.0164398,대한민국 서울 서초구 서초동
서울 서초구,서초동,우성아파트,1998,서초대로74길,37.4913209,127.0218781,대한민국 서울 서초구 서초동 서초대로74길
서울 서초구,서초동,초원현대,1998,효령로68길,37.485383,127.0200162,대한민국 서울 서초구 서초동 효령로68길
서울 서초구,우면동,한라,1994,바우뫼로,37.4717114,127.0272966,대한민국 서울 서초구 우면동 바우뫼로
서울 서초구,우면동,호반써밋서초파크뷰(토지임대부아파트),2013,양재대로2길,37.4589602,127.0230227,대한민국 서울 서초구 우면동 양재대로2길
서울 성동구,금호동1가,벽산,2001,금호로,37.5533454,127.0222882,대한민국 서울 성동구 금호동1가 금호로
서울 성동구,금호동1가,신금호두산위브,2006,행당로,37.5553937,127.022195,대한민국 서울 성동구 금호동1가 행당로
서울 성동구,금호동3가,금호한신,2005,금호산길,37.5491224,127.0191051,대한민국 서울 성동구 금호동3가 금호산길
서울 성동구,금호동3가,두산,1994,동호로,37.5504306,127.0140092,대한민국 서울 성동구 금호동3가 동호로
서울 성동구,금호동4가,서울숲르씨엘,2023,독서당로46길,37.547663,127.0230485,대한민국 서울 성동구 금호동4가 독서당로46길
서울 성동구,마장동,대성유니드,2004,마장로37길,37.5683632,127.0404581,대한민국 서울 성동구 마장동 마장로37길
서울 성동구,마장동,마장동중앙하이츠,1999,마장로,37.5660828,127.0370089,대한민국 서울 성동구 마장동 마장로
서울 성동구,마장동,신성미소지움,2004,마장로39길,37.5674992,127.0428878,대한민국 서울 성동구 마장동 마장로39길
서울 성동구,마장동,왕십리금호어울림,2006,마조로,37.5654429,127.0385125,대한민국 서울 성동구 마장동 마조로
서울 성동구,마장동,왕십리삼성아파트,1996,마장로,37.5660828,127.0370089,대한민국 서울 성동구 마장동 마장로
서울 성동구,마장동,현대,1998,살곶이길,37.570776,127.042331,대한민국 서울 성동구 마장동 살곶이길
서울 성동구,성수동1가,동아그린,1999,상원길,37.5435,127.03742,대한민국 서울 성동구 성수동1가
서울 성동구,성수동1가,우방,1997,상원길,37.5435,127.03742,대한민국 서울 성동구 성수동1가
서울 성동구,성수동2가,금호타운2차아파트,1997,연무장길,37.5411759,127.0595267,대한민국 서울 성동구 성수동2가 연무장길
서울 성동구,성수동2가,성수우방2차아파트,1999,성수일로10길,37.54048,127.05601,대한민국 서울 성동구 성수동2가
서울 성동구,성수동2가,신성미소지움,2001,뚝섬로13길,37.5399278,127.0577174,대한민국 서울 성동구 성수동2가 뚝섬로13길
서울 성동구,옥수동,극동그린,1997,독서당로,37.5436126,127.0142964,대한민국 서울 성동구 옥수동 독서당로
서울 성동구,응봉동,대림(2차),1989,독서당로,37.5539934,127.0337377,대한민국 서울 성동구 응봉동 독서당로
서울 성동구,응봉동,서울숲리버그린동아아파트,2003,고산자로4길,37.5541947,127.0363431,대한민국 서울 성동구 응봉동 고산자로4길
서울 성동구,응봉동,신동아,1996,독서당로,37.5539934,127.0337377,대한민국 서울 성동구 응봉동 독서당로
서울 성동구,하왕십리동,극동미라주,2001,난계로,37.5604865,127.0238007,대한민국 서울 성동구 하왕십리동 난계로
서울 성동구,하왕십리동,금호베스트빌,2001,난계로,37.5604865,127.0238007,대한민국 서울 성동구 하왕십리동 난계로
서울 성동구,하왕십리동,왕십리KCC스위첸,2016,무학봉길,37.5595367,127.0255042,대한민국 서울 성동구 하왕십리동 무학봉길
서울 성동구,하왕십리동,왕십리풍림아이원,2004,난계로,37.5604865,127.0238007,대한민국 서울 성동구 하왕십리동 난계로
서울 성동구,행당동,대림e-편한세상,2000,행당로,37.5580342,127.0315151,대한민국 서울 성동구 행당동 행당로
서울 성동구,행당동,두산,1997,고산자로14길,37.5616423,127.0367932,대한민국 서울 성동구 행당동 고산자로14길
서울 성동구,행당동,서울숲 한신 더 휴,2003,고산자로,37.5602196,127.0344954,대한민국 서울 성동구 행당동 고산자로
서울 성동구,행당동,신동아,1995,독서당로,37.55783,127.03571,대한민국 서울 성동구 행당동
서울 송파구,가락동,"가락3차쌍용스윗닷홈101동,102동",2005,송이로21길,37.4979986,127.1235429,대한민국 서울 송파구 가락동 송이로21길
서울 송파구,가락동,가락우성2,2000,중대로12길,37.4929469,127.1242872,대한민국 서울 송파구 가락동 중대로12길
서울 송파구,가락동,대림,1988,송이로,37.4976337,127.1210473,대한민국 서울 송파구 가락동 송이로
서울 송파구,거여동,거여1단지,1997,양산로8길,37.4915268,127.1451203,대한민국 서울 송파구 거여동 양산로8길
서울 송파구,거여동,거여4단지,1997,양산로4길,37.489834,127.1450217,대한민국 서울 송파구 거여동 양산로4길
서울 송파구,거여동,거여5단지,1997,양산로4길,37.489834,127.1450217,대한민국 서울 송파구 거여동 양산로4길
서울 송파구,마천동,마천동금호타운1,1998,마천로57길,37.49803,127.15167,대한민국 서울 송파구 마천동
서울 송파구,문정동,문정대우푸르지오1차,1999,문정로,37.4850937,127.1193144,대한민국 서울 송파구 문정동
서울 송파구,문정동,문정대우푸르지오2차,2001,송이로32길,37.4850937,127.1193144,대한민국 서울 송파구 문정동
서울 송파구,문정동,세양청마루,2004,송이로31길,37.4850937,127.1193144,대한민국 서울 송파구 문정동
서울 송파구,방이동,방이금호어울림,2001,위례성대로8길,37.5131821,127.1189294,대한민국 서울 송파구 방이동 위례성대로8길
서울 송파구,방이동,올림픽베어스타운1,1996,위례성대로,37.5164988,127.1151773,대한민국 서울 송파구 방이동 위례성대로
서울 송파구,송파동,미성맨션,1985,오금로32길,37.5044007,127.1156551,대한민국 서울 송파구 송파동
서울 송파구,송파동,송파파밀리에더퍼스트,2023,송이로4길,37.5044007,127.1156551,대한민국 서울 송파구 송파동
서울 송파구,송파동,현대,1997,오금로32길,37.5044007,127.1156551,대한민국 서울 송파구 송파동
서울 송파구,오금동,상아2차아파트,1988,오금로,37.4959365,127.138718,대한민국 서울 송파구 오금동 오금로
서울 송파구,오금동,송파두산위브,2019,성내천로,37.4990909,127.1427648,대한민국 서울 송파구 오금동 성내천로
서울 송파구,잠실동,잠실월드메르디앙,2005,올림픽로,37.5115268,127.0757708,대한민국 서울 송파구 잠실동 올림픽로
서울 송파구,장지동,송파파인타운10단지,2007,송파대로8길,37.4783815,127.1309355,대한민국 서울 송파구 장지동 송파대로8길
서울 송파구,장지동,송파파인타운8단지,2008,충민로4길,37.4791965,127.1296095,대한민국 서울 송파구 장지동 충민로4길
서울 송파구,풍납동,극동,1987,올림픽로45길,37.5271776,127.1163734,대한민국 서울 송파구 풍납동 올림픽로45길
서울 송파구,풍납동,동아한가람1,1995,한가람로,37.5271939,127.1075155,대한민국 서울 송파구 풍납동 한가람로
서울 송파구,풍납동,송파현대힐스테이트,2006,풍성로26길,37.5312297,127.1181252,대한민국 서울 송파구 풍납동 풍성로26길
서울 송파구,풍납동,신성노바빌아파트,2000,한가람로,37.5271939,127.1075155,대한민국 서울 송파구 풍납동 한가람로
서울 송파구,풍납동,씨티극동1,1998,한가람로,37.5271939,127.1075155,대한민국 서울 송파구 풍납동 한가람로
서울 송파구,풍납동,한강극동,1995,토성로,37.5297467,127.1148779,대한민국 서울 송파구 풍납동 토성로
서울 송파구,풍납동,현대리버빌1지구,1999,토성로,37.5297467,127.1148779,대한민국 서울 송파구 풍납동 토성로
서울 송파구,풍납동,현대리버빌2지구,1999,풍성로24길,37.5314658,127.1172477,대한민국 서울 송파구 풍납동 풍성로24길
서울 양천구,목동,롯데캐슬위너,2005,목동중앙북로,37.5261241,126.8645174,대한민국 서울 양천구 목동
서울 양천구,목동,목동롯데캐슬마에스트로,2019,목동중앙북로8길,37.5261241,126.8645174,대한민국 서울 양천구 목동
서울 양천구,목동,삼익,1997,목동동로12길,37.5261241,126.8645174,대한민국 서울 양천구 목동
서울 양천구,목동,진도2,1999,목동동로,37.5352107,126.8793143,대한민국 서울 양천구 목동 목동동로
서울 양천구,신월동,롯데캐슬,2014,중앙로29길,37.5290495,126.8335466,대한민국 서울 양천구 신월동
서울 양천구,신월동,목동센트럴아이파크위브1단지,2020,남부순환로83길,37.5290495,126.8335466,대한민국 서울 양천구 신월동
서울 양천구,신월동,목동센트럴아이파크위브2단지,2020,남부순환로83길,37.5290495,126.8335466,대한민국 서울 양천구 신월동
서울 양천구,신월동,목동센트럴아이파크위브3단지,2020,남부순환로83길,37.5290495,126.8335466,대한민국 서울 양천구 신월동
서울 양천구,신월동,목동센트럴아이파크위브4단지,2020,남부순환로83길,37.5290495,126.8335466,대한민국 서울 양천구 신월동
서울 양천구,신정동,래미안목동아델리체(119동~123동),2021,중앙로43길,37.5187371,126.852723,대한민국 서울 양천구 신정동 중앙로43길
서울 양천구,신정동,목동2삼성래미안,2001,목동남로4길,37.5163163,126.8634455,대한민국 서울 양천구 신정동
서울 양천구,신정동,호반써밋목동,2022,중앙로29길,37.5214012,126.8477377,대한민국 서울 양천구 신정동 중앙로29길
서울 영등포구,당산동,래미안당산1차,1995,당산로54길,37.5338085,126.9058967,대한민국 서울 영등포구 당산동 당산로54길
서울 영등포구,당산동1가,신동아파밀리에,2008,영신로33길,37.5202555,126.8999031,대한민국 서울 영등포구 당산동1가 영신로33길
서울 영등포구,당산동1가,진로,1997,당산로,37.5225072,126.895906,대한민국 서울 영등포구 당산동1가 당산로
서울 영등포구,당산동4가,당산금호어울림,2002,국회대로37길,37.5281374,126.9000568,대한민국 서울 영등포구 당산동4가 국회대로37길
서울 영등포구,당산동4가,당산삼성2차,1997,당산로36길,37.5280782,126.8987254,대한민국 서울 영등포구 당산동4가 당산로36길
서울 영등포구,당산동4가,당산현대3차,1988,당산로41길,37.5315995,126.8979858,대한민국 서울 영등포구 당산동4가 당산로41길
서울 영등포구,당산동4가,당산현대5차,2000,당산로42길,37.5300428,126.9011082,대한민국 서울 영등포구 당산동4가 당산로42길
서울 영등포구,당산동4가,한강아파트,1999,영신로57길,37.5284629,126.9022356,대한민국 서울 영등포구 당산동4가 영신로57길
서울 영등포구,당산동4가,현대2,1986,국회대로29길,37.5289933,126.89684,대한민국 서울 영등포구 당산동4가 국회대로29길
서울 영등포구,당산동5가,당산효성1차,1999,당산로42길,37.5300428,126.9011082,대한민국 서울 영등포구 당산동5가 당산로42길
서울 영등포구,당산동5가,성원,1997,양평로,37.5352728,126.8997862,대한민국 서울 영등포구 당산동5가 양평로
서울 영등포구,대림동,e편한세상영등포아델포레,2020,신길로,37.4967202,126.9011231,대한민국 서울 영등포구 대림동
서울 영등포구,대림동,코오롱,1998,도영로,37.4967202,126.9011231,대한민국 서울 영등포구 대림동
서울 영등포구,대림동,현대3차,1997,도신로,37.5050997,126.8941164,대한민국 서울 영등포구 대림동 도신로
서울 영등포구,도림동,영등포아트자이,2014,도영로,37.5090212,126.89688,대한민국 서울 영등포구 도림동 도영로
서울 영등포구,문래동2가,남성,1983,경인로77길,37.5127344,126.8929007,대한민국 서울 영등포구 문래동2가 경인로77길
서울 영등포구,문래동3가,문래건영,1998,문래로,37.5184407,126.9013037,대한민국 서울 영등포구 문래동3가 문래로
서울 영등포구,문래동3가,문래공원한신,1988,문래로20길,37.5170277,126.8926289,대한민국 서울 영등포구 문래동3가 문래로20길
서울 영등포구,문래동6가,e편한세상 문래 에듀플라츠,2020,선유서로,37.5182313,126.88445,대한민국 서울 영등포구 문래동6가 선유서로
서울 영등포구,신길동,건영,1985,도림로,37.5065214,126.9119108,대한민국 서울 영등포구 신길동
서울 영등포구,신길동,경남,1999,영등포로,37.5065214,126.9119108,대한민국 서울 영등포구 신길동
서울 영등포구,신길동,더샵파크프레스티지,2022,가마산로79길,37.5065214,126.9119108,대한민국 서울 영등포구 신길동
서울 영등포구,신길동,래미안영등포프레비뉴,2015,가마산로,37.5065214,126.9119108,대한민국 서울 영등포구 신길동
서울 영등포구,신길동,보라매경남아너스빌,2005,여의대방로,37.5065214,126.9119108,대한민국 서울 영등포구 신길동
서울 영등포구,신길동,삼성래미안,2001,신길로42길,37.5065214,126.9119108,대한민국 서울 영등포구 신길동
서울 영등포구,신길동,삼환,1997,여의대방로43나길,37.5065214,126.9119108,대한민국 서울 영등포구 신길동
서울 영등포구,신길동,신길센트럴아이파크,2019,가마산로,37.5065214,126.9119108,대한민국 서울 영등포구 신길동
서울 영등포구,신길동,신길센트럴자이아파트,2021,신길로29길,37.5065214,126.9119108,대한민국 서울 영등포구 신길동
서울 영등포구,신길동,신길자이,2011,가마산로79길,37.5065214,126.9119108,대한민국 서울 영등포구 신길동
서울 영등포구,신길동,한성,1997,가마산로,37.5065214,126.9119108,대한민국 서울 영등포구 신길동
서울 영등포구,신길동,힐스테이트클래시안,2020,신길로28길,37.5065214,126.9119108,대한민국 서울 영등포구 신길동
서울 영등포구,양평동1가,영등포중흥에스클래스,2021,선유서로24길,37.5236614,126.8874757,대한민국 서울 영등포구 양평동1가 선유서로24길
서울 영등포구,양평동2가,삼성래미안,1998,영등포로3길,37.5247522,126.8834932,대한민국 서울 영등포구 양평동2가 영등포로3길
서울 영등포구,양평동3가,거성파스텔,1999,선유로43가길,37.5282501,126.8914746,대한민국 서울 영등포구 양평동3가
서울 영등포구,양평동3가,양평현대6차,2000,선유로,37.5264549,126.8917773,대한민국 서울 영등포구 양평동3가 선유로
서울 영등포구,양평동4가,경남아너스빌,2000,양평로17길,37.5350675,126.8952859,대한민국 서울 영등포구 양평동4가 양평로17길
서울 영등포구,양평동4가,삼호한숲,2000,선유로47길,37.5357913,126.8949419,대한민국 서울 영등포구 양평동4가 선유로47길
서울 영등포구,양평동5가,양평한신,1996,양평로24길,37.5398869,126.8936818,대한민국 서울 영등포구 양평동5가 양평로24길
서울 영등포구,영등포동,두산위브,2004,신길로60나길,37.5222786,126.9078574,대한민국 서울 영등포구 영등포동
서울 영등포구,영등포동,영등포푸르지오,2002,도신로29길,37.5118104,126.9033596,대한민국 서울 영등포구 영등포동 도신로29길
서울 영등포구,영등포동2가,센트레빌아스테리움영등포아파트,2024,영등포로53길,37.5211962,126.9094035,대한민국 서울 영등포구 영등포동2가 영등포로53길
서울 영등포구,영등포동7가,경남아너스빌,1998,양산로,37.5230201,126.9031797,대한민국 서울 영등포구 영등포동7가 양산로
서울 영등포구,영등포동7가,포레나영등포센트럴,2020,국회대로50길,37.5240632,126.9059431,대한민국 서울 영등포구 영등포동7가 국회대로50길
서울 영등포구,영등포동8가,삼환,1999,영중로,37.5312324,126.9053941,대한민국 서울 영등포구 영등포동8가 영중로
서울 용산구,도원동,삼성래미안,2001,새창로,37.5395964,126.9576867,대한민국 서울 용산구 도원동 새창로
서울 용산구,산천동,리버힐삼성,2001,효창원로,37.5343278,126.9508827,대한민국 서울 용산구 산천동 효창원로
서울 용산구,산천동,한강타운,2001,새창로8길,37.53558,126.95029,대한민국 서울 용산구 산천동
서울 용산구,용문동,브라운스톤,2011,효창원로,37.5366785,126.9576422,대한민국 서울 용산구 용문동 효창원로
서울 용산구,원효로1가,용산더프라임,2014,원효로90길,37.5395643,126.9699502,대한민국 서울 용산구 원효로1가 원효로90길
서울 용산구,원효로4가,강변삼성스위트,1999,원효로,37.5323154,126.9554271,대한민국 서울 용산구 원효로4가 원효로
서울 용산구,이촌동,강변,1971,이촌로,37.5198387,126.9741329,대한민국 서울 용산구 이촌동 이촌로
서울 용산구,이촌동,이촌시범,1970,이촌로14길,37.5192594,126.9665446,대한민국 서울 용산구 이촌동
서울 용산구,한남동,리버탑,2001,독서당로6길,37.5299165,127.0077162,대한민국 서울 용산구 한남동 독서당로6길
서울 용산구,한남동,시범,1970,독서당로34길,37.53822,127.0074,대한민국 서울 용산구 한남동
서울 용산구,효창동,세양청마루,2006,백범로,37.5389314,126.9628175,대한민국 서울 용산구 효창동 백범로
서울 용산구,효창동,효창파크푸르지오,2010,백범로,37.5389314,126.9628175,대한민국 서울 용산구 효창동 백범로
서울 은평구,녹번동,래미안베라힐즈,2019,통일로,37.6034879,126.9350881,대한민국 서울 은평구 녹번동 통일로
서울 은평구,녹번동,북한산푸르지오,2015,통일로,37.6034879,126.9350881,대한민국 서울 은평구 녹번동 통일로
서울 은평구,녹번동,힐스테이트녹번,2019,통일로,37.6034879,126.9350881,대한민국 서울 은평구 녹번동 통일로
서울 은평구,수색동,DMCSKVIEW,2023,수색로,37.5901432,126.8851486,대한민국 서울 은평구 수색동 수색로
서울 은평구,수색동,DMCSK뷰아이파크포레,2025,수색로,37.5901432,126.8851486,대한민국 서울 은평구 수색동 수색로
서울 은평구,수색동,DMC롯데캐슬더퍼스트,2021,수색로,37.5901432,126.8851486,대한민국 서울 은평구 수색동 수색로
서울 은평구,수색동,DMC아트포레자이,2026,은평터널로,37.5825433,126.8962679,대한민국 서울 은평구 수색동 은평터널로
서울 은평구,수색동,DMC파인시티자이,2025,은평터널로,37.5825433,126.8962679,대한민국 서울 은평구 수색동 은평터널로
서울 은평구,응암동,녹번역e편한세상캐슬,2021,은평로,37.5926573,126.9216114,대한민국 서울 은평구 응암동
서울 은평구,응암동,힐스테이트녹번역,2022,은평로,37.5926573,126.9216114,대한민국 서울 은평구 응암동
서울 은평구,증산동,DMC센트럴자이(2단지),2023,수색로,37.5787169,126.9012306,대한민국 서울 은평구 증산동 수색로
서울 종로구,무악동,현대,2000,통일로,37.5779691,126.9546807,대한민국 서울 종로구 무악동 통일로
서울 종로구,숭인동,종로센트레빌,2008,동망산길,37.5801046,127.0153713,대한민국 서울 종로구 숭인동 동망산길
서울 중구,만리동2가,서울역센트럴자이,2017,만리재로,37.5542952,126.9640392,대한민국 서울 중구 만리동2가
서울 중구,신당동,남산타운,2002,다산로,37.5627173,127.01522,대한민국 서울 중구 신당동 다산로
서울 중구,신당동,래미안하이베르,2011,퇴계로90길,37.5651969,127.01322,대한민국 서울 중구 신당동
서울 중구,신당동,삼성,1999,청구로1길,37.5577624,127.0160666,대한민국 서울 중구 신당동 청구로1길
서울 중구,신당동,신당푸르지오,2005,다산로36길,37.5651969,127.01322,대한민국 서울 중구 신당동
서울 중구,신당동,한진해모로,2001,왕십리로39길,37.5651969,127.01322,대한민국 서울 중구 신당동
서울 중구,입정동,힐스테이트세운센트럴1단지,2023,을지로15길,37.5676697,126.9927771,대한민국 서울 중구 입정동
서울 중구,입정동,힐스테이트세운센트럴2단지,2023,을지로15길,37.5676697,126.9927771,대한민국 서울 중구 입정동
서울 중구,중림동,삼성사이버빌리지,2001,중림로,37.5584208,126.9664732,대한민국 서울 중구 중림동 중림로
서울 중랑구,면목동,라온프라이빗,2020,동일로91길,37.5817944,127.0910424,대한민국 서울 중랑구 면목동
서울 중랑구,면목동,사가정센트럴아이파크,2020,동일로92길,37.5817944,127.0910424,대한민국 서울 중랑구 면목동
서울 중랑구,중화동,리버센SKVIEW롯데캐슬,2025,중랑천로,37.5969397,127.0715824,대한민국 서울 중랑구 중화동 중랑천로
경기 성남시 중원구,중앙동,롯데캐슬,2012,희망로,37.4436687,127.158792,대한민국 경기 성남시 중원구 중앙동 희망로
경기 하남시,풍산동,미사강변브라운스톤엔에이치에프,2018,미사강변동로,37.55024,127.19014,대한민국 경기 하남시 풍산동
서울 강남구,논현동,쌍용,1996,도산대로50길,37.5123018,127.0294935,대한민국 서울 강남구 논현동
서울 강서구,등촌동,"등촌지와인아파트,비지니스센터",2023,양천로,37.552056,126.8615649,대한민국 서울 강서구 등촌동
서울 강서구,염창동,무학,1999,양천로77길,37.5508812,126.8774908,대한민국 서울 강서구 염창동 양천로77길
서울 관악구,봉천동,봉천동아,2000,관악로,37.4812588,126.9527443,대한민국 서울 관악구 봉천동 관악로
서울 금천구,독산동,금천롯데캐슬골드파크3차,2018,시흥대로,37.4706487,126.8982623,대한민국 서울 금천구 독산동 시흥대로
서울 노원구,월계동,한진한화그랑빌,2002,마들로,37.6369353,127.0580765,대한민국 서울 노원구 월계동 마들로
서울 동작구,사당동,경남아너스빌1차,1997,사당로9가길,37.4865003,126.9693287,대한민국 서울 동작구 사당동 사당로9가길
서울 마포구,중동,울트라월드컵(참누리),2006,월드컵북로38길,37.5714,126.9044126,대한민국 서울 마포구 중동 월드컵북로38길
서울 영등포구,신길동,삼성,1984,여의대방로,37.5065214,126.9119108,대한민국 서울 영등포구 신길동
서울 영등포구,양평동2가,양평벽산블루밍,1990,선유서로21길,37.5225398,126.8836791,대한민국 서울 영등포구 양평동2가 선유서로21길
경기 성남시 분당구,서현동,효자촌(동아),1992,돌마로486번길,37.3767484,127.13468,대한민국 경기 성남시 분당구 서현동 돌마로486번길
경기 성남시 분당구,야탑동,목련마을(한신),1994,판교로,37.4051627,127.1493982,대한민국 경기 성남시 분당구 야탑동 판교로
경기 성남시 분당구,이매동,이매촌(청구),1992,양현로94번길,37.39096,127.1259685,대한민국 경기 성남시 분당구 이매동 양현로94번길
경기 성남시 분당구,정자동,느티마을(3단지)(공무원),1994,느티로,37.3685285,127.106398,대한민국 경기 성남시 분당구 정자동 느티로
경기 성남시 분당구,정자동,느티마을(4단지)(공무원),1994,느티로,37.3685285,127.106398,대한민국 경기 성남시 분당구 정자동 느티로
경기 성남시 수정구,단대동,코오롱하늘채,2013,단대로15번길,37.4519052,127.1579046,대한민국 경기 성남시 수정구 단대동 단대로15번길
경기 성남시 중원구,금광동,한양수자인성남마크뷰,2021,광명로,37.4454746,127.1625107,대한민국 경기 성남시 중원구 금광동 광명로
경기 성남시 중원구,중앙동,중앙동힐스테이트1차,2012,시민로66번길,37.4358694,127.1502504,대한민국 경기 성남시 중원구 중앙동 시민로66번길
경기 성남시 중원구,중앙동,중앙동힐스테이트2차,2014,시민로,37.4342441,127.1487286,대한민국 경기 성남시 중원구 중앙동 시민로
경기 수원시 영통구,망포동,그대가프리미어,2010,덕영대로1484번길,37.2434745,127.0520469,대한민국 경기 수원시 영통구 망포동 덕영대로1484번길
경기 수원시 영통구,망포동,영통SKVIEW,2016,영통로200번길,37.2443467,127.0586482,대한민국 경기 수원시 영통구 망포동 영통로200번길
경기 수원시 영통구,망포동,영통아이파크캐슬1단지,2019,덕영대로,37.2460782,127.0616199,대한민국 경기 수원시 영통구 망포동 덕영대로
경기 수원시 영통구,망포동,영통아이파크캐슬2단지,2019,덕영대로,37.2460782,127.0616199,대한민국 경기 수원시 영통구 망포동 덕영대로
경기 수원시 영통구,망포동,영통아이파크캐슬3단지,2022,망포로84번길,37.2388116,127.0516653,대한민국 경기 수원시 영통구 망포동
경기 수원시 팔달구,매교동,매교역푸르지오SKVIEW,2023,인계로,37.2702149,127.0199488,대한민국 경기 수원시 팔달구 매교동 인계로
경기 안양시 동안구,관양동,공작아파트,1993,관평로212번길,37.4043622,126.96415,대한민국 경기 안양시 동안구 관양동
경기 안양시 동안구,비산동,평촌엘프라우드,2024,매곡로,37.4051319,126.9445804,대한민국 경기 안양시 동안구 비산동 매곡로
경기 안양시 동안구,비산동,평촌자이아이파크,2021,비산로,37.4011874,126.9428157,대한민국 경기 안양시 동안구 비산동
경기 안양시 동안구,평촌동,래미안인덕원더포인트,2000,흥안대로456번길,37.3936965,126.9773689,대한민국 경기 안양시 동안구 평촌동 흥안대로456번길
경기 안양시 동안구,평촌동,인덕원대림2차,2004,흥안대로414번길,37.3907942,126.9759625,대한민국 경기 안양시 동안구 평촌동 흥안대로414번길
경기 안양시 동안구,평촌동,초원LG,1993,부림로,37.393022,126.9654519,대한민국 경기 안양시 동안구 평촌동 부림로
경기 안양시 동안구,평촌동,초원마을대림,1993,귀인로,37.3870575,126.9656233,대한민국 경기 안양시 동안구 평촌동 귀인로
경기 안양시 동안구,평촌동,초원마을대원,1993,부림로,37.393022,126.9654519,대한민국 경기 안양시 동안구 평촌동 부림로
경기 안양시 동안구,평촌동,초원부영,1992,관평로138번길,37.3901662,126.9644073,대한민국 경기 안양시 동안구 평촌동 관평로138번길
경기 안양시 동안구,호계동,목련마을2단지대우선경,1992,동안로,37.3779842,126.9543224,대한민국 경기 안양시 동안구 호계동
경기 안양시 동안구,호계동,목련우성5,1993,평촌대로179번길,37.3779842,126.9543224,대한민국 경기 안양시 동안구 호계동
경기 안양시 동안구,호계동,무궁화경남,1994,귀인로172번길,37.3779842,126.9543224,대한민국 경기 안양시 동안구 호계동
경기 안양시 동안구,호계동,무궁화금호,1992,동안로,37.3779842,126.9543224,대한민국 경기 안양시 동안구 호계동
경기 안양시 동안구,호계동,평촌더샵아이파크,2019,경수대로610번길,37.3779842,126.9543224,대한민국 경기 안양시 동안구 호계동
경기 안양시 동안구,호계동,평촌어바인퍼스트,2021,경수대로,37.3844502,126.9516166,대한민국 경기 안양시 동안구 호계동 경수대로
경기 안양시 만안구,안양동,래미안안양메가트리아,2016,안양천서로,37.3950996,126.9351871,대한민국 경기 안양시 만안구 안양동 안양천서로
경기 안양시 만안구,안양동,주공뜨란채(아),2004,안양천서로,37.3950996,126.9351871,대한민국 경기 안양시 만안구 안양동 안양천서로
경기 용인시 기흥구,마북동,블루밍구성더센트럴,2000,연원로42번길,37.3010815,127.1135419,대한민국 경기 용인시 기흥구 마북동 연원로42번길
경기 용인시 수지구,동천동,우미이노스빌,2004,손곡로,37.335746,127.0902451,대한민국 경기 용인시 수지구 동천동 손곡로
경기 용인시 수지구,상현동,벽산블루밍,1998,수지로,37.304416,127.0748091,대한민국 경기 용인시 수지구 상현동 수지로
경기 용인시 수지구,상현동,서원마을현대홈타운,2001,포은대로,37.2995757,127.0673541,대한민국 경기 용인시 수지구 상현동 포은대로
경기 용인시 수지구,상현동,성복역리버파크,1998,포은대로,37.2995757,127.0673541,대한민국 경기 용인시 수지구 상현동 포은대로
경기 용인시 수지구,상현동,성복역아이파크,2002,상현로,37.3080426,127.0842716,대한민국 경기 용인시 수지구 상현동 상현로
경기 용인시 수지구,신봉동,우남퍼스트빌,2004,신봉1로,37.3202523,127.0812466,대한민국 경기 용인시 수지구 신봉동 신봉1로
경기 용인시 수지구,죽전동,동성1차,1997,용구대로,37.3256178,127.1091153,대한민국 경기 용인시 수지구 죽전동 용구대로
경기 용인시 수지구,죽전동,벽산블루밍1단지,1997,용구대로2771번길,37.3332932,127.1057604,대한민국 경기 용인시 수지구 죽전동 용구대로2771번길
경기 용인시 수지구,죽전동,벽산블루밍2단지,1997,용구대로2771번길,37.3332932,127.1057604,대한민국 경기 용인시 수지구 죽전동 용구대로2771번길
경기 용인시 수지구,죽전동,벽산블루밍3단지,1997,용구대로2801번길,37.3351717,127.1074394,대한민국 경기 용인시 수지구 죽전동 용구대로2801번길
경기 용인시 수지구,죽전동,벽산블루밍3단지(301동),1997,용구대로2801번길,37.3351717,127.1074394,대한민국 경기 용인시 수지구 죽전동 용구대로2801번길
경기 용인시 수지구,죽전동,벽산블루밍4단지,1999,용구대로2801번길,37.3351717,127.1074394,대한민국 경기 용인시 수지구 죽전동 용구대로2801번길
경기 용인시 수지구,죽전동,현암마을동성2차,1999,용구대로,37.3256178,127.1091153,대한민국 경기 용인시 수지구 죽전동 용구대로
경기 용인시 수지구,풍덕천동,수지삼성2차,1995,수풍로,37.3316642,127.0932598,대한민국 경기 용인시 수지구 풍덕천동 수풍로
경기 용인시 수지구,풍덕천동,수지삼성4차,1994,수풍로,37.3316642,127.0932598,대한민국 경기 용인시 수지구 풍덕천동 수풍로
경기 용인시 수지구,풍덕천동,현대,1994,수지로342번길,37.3277347,127.0948704,대한민국 경기 용인시 수지구 풍덕천동 수지로342번길
경기 하남시,망월동,미사강변트래지안,2015,미사강변북로,37.5727734,127.1914733,대한민국 경기 하남시 망월동 미사강변북로
서울 강남구,대치동,테헤란로대우아이빌(891-6),2004,테헤란로,37.5076995,127.0597568,대한민국 서울 강남구 대치동 테헤란로
서울 강남구,도곡동,파크힐,2005,도곡로14길,37.4902192,127.0377449,대한민국 서울 강남구 도곡동 도곡로14길
서울 강남구,역삼동,대우디오빌,2002,언주로,37.4963919,127.0458068,대한민국 서울 강남구 역삼동 언주로
서울 강동구,강일동,강일리버파크7단지,2009,아리수로98길,37.563462,127.1787012,대한민국 서울 강동구 강일동 아리수로98길
서울 강동구,길동,현대1,1996,천호대로,37.53512,127.1350061,대한민국 서울 강동구 길동 천호대로
서울 강동구,둔촌동,현대4,1996,진황도로61길,37.5281709,127.1451872,대한민국 서울 강동구 둔촌동 진황도로61길
서울 강동구,상일동,고덕리엔파크3단지,2011,상일로,37.5505887,127.1722107,대한민국 서울 강동구 상일동 상일로
서울 강동구,상일동,고덕센트럴IPARK,2019,고덕로80길,37.554968,127.1656209,대한민국 서울 강동구 상일동 고덕로80길
서울 강동구,성내동,둔촌역청구,1999,풍성로,37.5309024,127.1290289,대한민국 서울 강동구 성내동 풍성로
서울 강동구,성내동,라움포레,2020,천호옛6길,37.52998,127.12875,대한민국 서울 강동구 성내동
서울 강동구,성내동,현대,1987,천호옛12길,37.52998,127.12875,대한민국 서울 강동구 성내동
서울 강동구,천호동,천호동삼성아파트,1997,성안로25길,37.54294,127.12733,대한민국 서울 강동구 천호동
서울 강북구,미아동,꿈의숲롯데캐슬,2017,오현로,37.6220808,127.0209076,대한민국 서울 강북구 미아동
서울 강북구,미아동,꿈의숲해링턴플레이스,2019,오현로,37.6220808,127.0209076,대한민국 서울 강북구 미아동
서울 강북구,미아동,두산위브트레지움,2011,삼양로27길,37.6220808,127.0209076,대한민국 서울 강북구 미아동
서울 강북구,미아동,래미안트리베라1단지,2010,삼양로19길,37.6220808,127.0209076,대한민국 서울 강북구 미아동
서울 강북구,미아동,미아동부센트레빌,2006,숭인로7가길,37.6220808,127.0209076,대한민국 서울 강북구 미아동
서울 강북구,미아동,삼성래미안트리베라2단지,2010,삼양로27길,37.6220808,127.0209076,대한민국 서울 강북구 미아동
서울 강북구,미아동,송천센트레빌,2010,숭인로,37.6220808,127.0209076,대한민국 서울 강북구 미아동
서울 강북구,미아동,한화포레나미아,2025,솔샘로53길,37.6220808,127.0209076,대한민국 서울 강북구 미아동
서울 강서구,가양동,빛고을우방,1999,양천로,37.5627471,126.8519544,대한민국 서울 강서구 가양동 양천로
서울 강서구,가양동,일신건영휴먼빌,2004,강서로,37.5678839,126.8498488,대한민국 서울 강서구 가양동
서울 강서구,등촌동,가양역두산위브,2022,공항대로45길,37.552056,126.8615649,대한민국 서울 강서구 등촌동
서울 강서구,등촌동,대동황토방,2000,공항대로59길,37.552056,126.8615649,대한민국 서울 강서구 등촌동
서울 강서구,등촌동,대동황토방2,2003,공항대로55길,37.552056,126.8615649,대한민국 서울 강서구 등촌동
서울 강서구,등촌동,등촌라인(조합),1997,화곡로68길,37.552056,126.8615649,대한민국 서울 강서구 등촌동
서울 강서구,등촌동,삼성한사랑1,1997,양천로66길,37.552056,126.8615649,대한민국 서울 강서구 등촌동
서울 강서구,등촌동,서광등촌마을아파트,1999,공항대로45길,37.552056,126.8615649,대한민국 서울 강서구 등촌동
서울 강서구,등촌동,코오롱하늘채,2003,공항대로55길,37.552056,126.8615649,대한민국 서울 강서구 등촌동
서울 강서구,등촌동,한사랑2삼성,1999,공항대로59길,37.552056,126.8615649,대한민국 서울 강서구 등촌동
서울 강서구,마곡동,마곡일성트루엘아파트,2013,방화대로34길,37.5699731,126.8189732,대한민국 서울 강서구 마곡동 방화대로34길
서울 강서구,마곡동,신안,1993,양천로30길,37.5684941,126.8222291,대한민국 서울 강서구 마곡동 양천로30길
서울 강서구,방화동,마곡센트레빌,2021,양천로24길,37.57682,126.81422,대한민국 서울 강서구 방화동
서울 강서구,방화동,신마곡벽산블루밍,2020,양천로10길,37.57682,126.81422,대한민국 서울 강서구 방화동
서울 강서구,염창동,강서쌍용예가,2014,양천로,37.5477666,126.8796781,대한민국 서울 강서구 염창동 양천로
서울 강서구,염창동,관음삼성,1997,양천로,37.5477666,126.8796781,대한민국 서울 강서구 염창동 양천로
서울 강서구,염창동,극동,2000,양천로69길,37.5536507,126.8711418,대한민국 서울 강서구 염창동 양천로69길
서울 강서구,염창동,극동상록수,1999,공항대로71길,37.548253,126.8723099,대한민국 서울 강서구 염창동 공항대로71길
서울 강서구,염창동,금호타운,1999,양천로,37.5477666,126.8796781,대한민국 서울 강서구 염창동 양천로
서울 강서구,염창동,길훈,1999,양천로65길,37.5560787,126.8667898,대한민국 서울 강서구 염창동 양천로65길
서울 강서구,염창동,대림,1999,공항대로75길,37.5482688,126.8748084,대한민국 서울 강서구 염창동 공항대로75길
서울 강서구,염창동,삼성한마음,1995,양천로,37.5477666,126.8796781,대한민국 서울 강서구 염창동 양천로
서울 강서구,염창동,신동아,1995,양천로67길,37.5552962,126.8708363,대한민국 서울 강서구 염창동 양천로67길
서울 강서구,염창동,월드메르디앙,2004,양천로71길,37.5530464,126.8720921,대한민국 서울 강서구 염창동 양천로71길
서울 강서구,염창동,태영,1999,공항대로61길,37.5526162,126.8661982,대한민국 서울 강서구 염창동 공항대로61길
서울 강서구,염창동,한강동아,1998,양천로73길,37.5518351,126.8736405,대한민국 서울 강서구 염창동 양천로73길
서울 강서구,염창동,현대3,1996,양천로75길,37.550991,126.8752493,대한민국 서울 강서구 염창동 양천로75길
서울 강서구,화곡동,초록,1998,강서로45다길,37.542134,126.8441752,대한민국 서울 강서구 화곡동
서울 관악구,봉천동,건영6,1999,관악로,37.4812588,126.9527443,대한민국 서울 관악구 봉천동 관악로
서울 관악구,봉천동,관악파크푸르지오,2014,행운10길,37.4750064,126.9571404,대한민국 서울 관악구 봉천동
서울 관악구,봉천동,벽산블루밍3차,2004,은천로15길,37.4750064,126.9571404,대한민국 서울 관악구 봉천동
서울 관악구,봉천동,서울대입구아이원(1560-61),2006,청룡길,37.4750064,126.9571404,대한민국 서울 관악구 봉천동
서울 관악구,봉천동,서울대입구아이원(1560-62),2006,청룡길,37.4750064,126.9571404,대한민국 서울 관악구 봉천동
서울 관악구,봉천동,현대(관악),1992,관악로40길,37.4750064,126.9571404,대한민국 서울 관악구 봉천동
서울 광진구,구의동,구의자이르네,2021,광나루로39길,37.5453042,127.0892153,대한민국 서울 광진구 구의동 광나루로39길
서울 광진구,군자동,일성파크,1996,군자로12길,37.552495,127.0723423,대한민국 서울 광진구 군자동 군자로12길
서울 광진구,자양동,구의현대하이엘,2005,자양로,37.5316905,127.0749477,대한민국 서울 광진구 자양동
서울 광진구,자양동,자양우성7,1998,아차산로36길,37.5375089,127.0740095,대한민국 서울 광진구 자양동 아차산로36길
서울 구로구,개봉동,개봉동현대아이파크,2006,개봉로2길,37.4910098,126.8621605,대한민국 서울 구로구 개봉동 개봉로2길
서울 구로구,개봉동,한마을,1999,경인로,37.4946193,126.8562104,대한민국 서울 구로구 개봉동
서울 구로구,개봉동,현대,2001,개봉로20길,37.492228,126.8621346,대한민국 서울 구로구 개봉동 개봉로20길
서울 구로구,개봉동,현대홈타운,2001,개봉로20길,37.492228,126.8621346,대한민국 서울 구로구 개봉동 개봉로20길
서울 구로구,고척동,고척파크푸르지오,2009,중앙로,37.5032986,126.8620932,대한민국 서울 구로구 고척동 중앙로
서울 구로구,구로동,삼성래미안,2004,디지털로31길,37.4945849,126.8845477,대한민국 서울 구로구 구로동
서울 구로구,신도림동,우성5,1994,신도림로21길,37.5123245,126.8849824,대한민국 서울 구로구 신도림동 신도림로21길
서울 금천구,독산동,금천롯데캐슬골드파크1차,2016,벚꽃로,37.468399,126.8979571,대한민국 서울 금천구 독산동
서울 금천구,독산동,금천롯데캐슬골드파크2차201동202동,2017,벚꽃로,37.468399,126.8979571,대한민국 서울 금천구 독산동
서울 금천구,시흥동,남서울힐스테이트,2014,시흥대로,37.4479662,126.9032966,대한민국 서울 금천구 시흥동 시흥대로
서울 노원구,공릉동,태릉해링턴플레이스,2022,공릉로34길,37.623653,127.0815403,대한민국 서울 노원구 공릉동 공릉로34길
서울 노원구,상계동,노원롯데캐슬시그니처,2023,덕릉로,37.66727,127.07242,대한민국 서울 노원구 상계동
서울 노원구,상계동,노원센트럴푸르지오,2021,수락산로,37.6654635,127.0722555,대한민국 서울 노원구 상계동 수락산로
서울 노원구,상계동,포레나노원,2020,노원로38길,37.66727,127.07242,대한민국 서울 노원구 상계동
서울 노원구,월계동,꿈의숲SKVIEW,2016,월계로42길,37.6298479,127.0541062,대한민국 서울 노원구 월계동
서울 노원구,월계동,삼호4,1987,마들로,37.6369353,127.0580765,대한민국 서울 노원구 월계동 마들로
서울 노원구,월계동,월계센트럴아이파크,2020,초안산로2라길,37.6312449,127.057857,대한민국 서울 노원구 월계동 초안산로2라길
서울 노원구,월계동,풍림아이원,2005,화랑로47길,37.6298479,127.0541062,대한민국 서울 노원구 월계동
서울 노원구,월계동,현대,2000,석계로,37.6298479,127.0541062,대한민국 서울 노원구 월계동
서울 노원구,중계동,주공5,1992,중계로,37.6506346,127.078239,대한민국 서울 노원구 중계동 중계로
서울 도봉구,창동,동아청솔,1997,노해로69길,37.6529636,127.0466586,대한민국 서울 도봉구 창동
서울 도봉구,창동,주공19단지(창동리버타운),1988,노해로70길,37.6492084,127.052171,대한민국 서울 도봉구 창동 노해로70길
서울 동대문구,답십리동,답십리청솔우성,2000,전농로10길,37.57002,127.05467,대한민국 서울 동대문구 답십리동
서울 동대문구,답십리동,동아,2001,한천로11길,37.57002,127.05467,대한민국 서울 동대문구 답십리동
서울 동대문구,답십리동,두산,2000,답십리로56길,37.57002,127.05467,대한민국 서울 동대문구 답십리동
서울 동대문구,답십리동,래미안엘파인아파트,2011,한천로37길,37.57002,127.05467,대한민국 서울 동대문구 답십리동
서울 동대문구,답십리동,한신휴플러스그린파크,2010,답십리로38길,37.5731116,127.0496329,대한민국 서울 동대문구 답십리동 답십리로38길
서울 동대문구,용두동,롯데캐슬피렌체,2009,정릉천동로,37.572547,127.0361749,대한민국 서울 동대문구 용두동 정릉천동로
서울 동대문구,용두동,신동아,1994,무학로26길,37.5733632,127.032464,대한민국 서울 동대문구 용두동 무학로26길
서울 동대문구,용두동,용두롯데캐슬리치,2015,한빛로,37.5788216,127.0294352,대한민국 서울 동대문구 용두동 한빛로
서울 동대문구,이문동,대림e-편한세상,2003,한천로63길,37.60021,127.06124,대한민국 서울 동대문구 이문동
서울 동대문구,이문동,쌍용,2000,한천로58길,37.60021,127.06124,대한민국 서울 동대문구 이문동
서울 동대문구,이문동,중앙하이츠빌,2002,외대역동로,37.5985768,127.0657002,대한민국 서울 동대문구 이문동 외대역동로
서울 동대문구,이문동,현대,2000,한천로58길,37.60021,127.06124,대한민국 서울 동대문구 이문동
서울 동대문구,장안동,동대문더퍼스트데시앙,2019,장한로27가길,37.57105,127.06806,대한민국 서울 동대문구 장안동
서울 동대문구,전농동,전농동삼성래미안,2000,전농로,37.5853695,127.0518969,대한민국 서울 동대문구 전농동 전농로
서울 동대문구,제기동,안암골벽산,2003,약령시로,37.5826723,127.0431726,대한민국 서울 동대문구 제기동 약령시로
서울 동대문구,청량리동,한신,1997,제기로,37.5861335,127.049586,대한민국 서울 동대문구 청량리동 제기로
서울 동대문구,청량리동,홍릉동부,2001,홍릉로10길,37.5861888,127.0454436,대한민국 서울 동대문구 청량리동 홍릉로10길
서울 동대문구,회기동,신현대,1989,이문로1길,37.5891083,127.0527837,대한민국 서울 동대문구 회기동 이문로1길
서울 동대문구,휘경동,브라운스톤휘경,2013,망우로20길,37.5902268,127.0635788,대한민국 서울 동대문구 휘경동 망우로20길
서울 동대문구,휘경동,휘경리오포레아파트(2단지),2001,한천로,37.5878641,127.0679673,대한민국 서울 동대문구 휘경동 한천로
서울 동작구,대방동,신일해피트리,2005,여의대방로62길,37.5135696,126.9275805,대한민국 서울 동작구 대방동 여의대방로62길
서울 동작구,대방동,우정,1999,여의대방로62길,37.5135696,126.9275805,대한민국 서울 동작구 대방동 여의대방로62길
서울 동작구,사당동,경남아너스빌2차,1998,사당로,37.4927818,126.9629441,대한민국 서울 동작구 사당동 사당로
서울 동작구,사당동,남해오네뜨,2002,사당로2가길,37.48508,126.9704949,대한민국 서울 동작구 사당동
서울 동작구,사당동,대성유니드,2009,동작대로29길,37.48508,126.9704949,대한민국 서울 동작구 사당동
서울 동작구,사당동,대창센시티,2005,사당로9가길,37.4865003,126.9693287,대한민국 서울 동작구 사당동 사당로9가길
서울 동작구,사당동,삼성,1999,동작대로35아길,37.48508,126.9704949,대한민국 서울 동작구 사당동
서울 동작구,사당동,현대,1991,사당로17길,37.4849092,126.9734819,대한민국 서울 동작구 사당동 사당로17길
서울 동작구,상도동,쌍용스윗닷홈,2003,상도로,37.5030065,126.9359899,대한민국 서울 동작구 상도동 상도로
서울 동작구,상도동,현대(관악),1992,상도로,37.5030065,126.9359899,대한민국 서울 동작구 상도동 상도로
서울 마포구,마포동,보성,1996,마포대로4길,37.53672,126.94288,대한민국 서울 마포구 마포동
서울 마포구,망원동,대림1,2002,망원로2길,37.5558657,126.9003507,대한민국 서울 마포구 망원동 망원로2길
서울 마포구,망원동,대림2,2002,망원로1길,37.5560241,126.9009751,대한민국 서울 마포구 망원동
서울 마포구,망원동,휴먼빌,2004,방울내로,37.5560241,126.9009751,대한민국 서울 마포구 망원동
서울 마포구,상암동,DMC상암센트럴파크2단지,2009,월드컵북로42가길,37.5751892,126.8970489,대한민국 서울 마포구 상암동 월드컵북로42가길
서울 마포구,상암동,상암월드컵파크10단지,2010,월드컵북로,37.5856673,126.877452,대한민국 서울 마포구 상암동 월드컵북로
서울 마포구,상암동,상암월드컵파크12단지,2010,월드컵북로,37.5856673,126.877452,대한민국 서울 마포구 상암동 월드컵북로
서울 마포구,성산동,성산2차e-편한세상,2005,월드컵북로,37.5690037,126.9045248,대한민국 서울 마포구 성산동 월드컵북로
서울 마포구,성산동,성산월드타운대림,2004,월드컵북로30길,37.5691386,126.907502,대한민국 서울 마포구 성산동 월드컵북로30길
서울 마포구,연남동,대명,1995,동교로39길,37.5620812,126.9237941,대한민국 서울 마포구 연남동 동교로39길
서울 마포구,중동,마포중동현대,2001,성암로,37.570941,126.9084296,대한민국 서울 마포구 중동 성암로
서울 마포구,중동,현대,2000,성암로7길,37.5700062,126.9070143,대한민국 서울 마포구 중동 성암로7길
서울 마포구,창전동,신촌금호,2001,서강로9길,37.55007,126.92938,대한민국 서울 마포구 창전동
서울 서대문구,남가좌동,DMC래미안클라시스,2000,증가로,37.5758721,126.9254361,대한민국 서울 서대문구 남가좌동 증가로
서울 서대문구,남가좌동,남가좌동현대,1999,가재울로,37.5755256,126.9211575,대한민국 서울 서대문구 남가좌동 가재울로
서울 서대문구,냉천동,동부센트레빌,2002,독립문로14길,37.5668762,126.9614941,대한민국 서울 서대문구 냉천동 독립문로14길
서울 서대문구,북아현동,경남102동,2008,북아현로6길,37.5609264,126.9581761,대한민국 서울 서대문구 북아현동 북아현로6길
서울 서대문구,연희동,대우푸르지오,2002,연희로,37.5658504,126.9293066,대한민국 서울 서대문구 연희동 연희로
서울 서대문구,연희동,연희파크푸르지오,2018,홍제천로,37.5763506,126.9290882,대한민국 서울 서대문구 연희동 홍제천로
서울 서대문구,홍은동,힐스테이트홍은포레스트,2023,가좌로4길,37.5933933,126.9375964,대한민국 서울 서대문구 홍은동
서울 서대문구,홍제동,금호어울림,2016,모래내로,37.5871,126.94676,대한민국 서울 서대문구 홍제동
서울 서대문구,홍제동,청구2차,1997,통일로,37.5856103,126.9487203,대한민국 서울 서대문구 홍제동 통일로
서울 서대문구,홍제동,청구3차,2001,통일로,37.5856103,126.9487203,대한민국 서울 서대문구 홍제동 통일로
서울 서대문구,홍제동,홍제삼성래미안,2001,통일로,37.5856103,126.9487203,대한민국 서울 서대문구 홍제동 통일로
서울 서대문구,홍제동,홍제한양,1993,통일로25길,37.5871,126.94676,대한민국 서울 서대문구 홍제동
서울 서초구,양재동,리시본하우스,2020,남부순환로356길,37.4690298,127.0387937,대한민국 서울 서초구 양재동
서울 성동구,송정동,건영,2000,동일로,37.5515929,127.0692564,대한민국 서울 성동구 송정동 동일로
서울 송파구,가락동,진넥스베르디엠,2017,동남로,37.4947008,127.1191293,대한민국 서울 송파구 가락동
서울 송파구,가락동,풍림1,1995,동남로9길,37.4947008,127.1191293,대한민국 서울 송파구 가락동
서울 송파구,거여동,우방1,1999,오금로56길,37.490687,127.1469121,대한민국 서울 송파구 거여동
서울 송파구,마천동,마천대성,1995,성내천로34길,37.4983066,127.1536415,대한민국 서울 송파구 마천동 성내천로34길
서울 송파구,마천동,삼익1,1996,성내천로,37.5007089,127.1507762,대한민국 서울 송파구 마천동 성내천로
서울 송파구,문정동,현대2,1995,송파대로16길,37.4850937,127.1193144,대한민국 서울 송파구 문정동
서울 송파구,오금동,우방,2001,성내천로,37.4990909,127.1427648,대한민국 서울 송파구 오금동 성내천로
서울 송파구,풍납동,갑을,1996,한가람로,37.5271939,127.1075155,대한민국 서울 송파구 풍납동 한가람로
서울 양천구,목동,극동늘푸른,1998,목동중앙본로,37.5261241,126.8645174,대한민국 서울 양천구 목동
서울 양천구,목동,금강에스쁘아,2002,목동중앙본로,37.5261241,126.8645174,대한민국 서울 양천구 목동
서울 양천구,목동,목동성원,2000,목동중앙로,37.5357127,126.8704635,대한민국 서울 양천구 목동 목동중앙로
서울 양천구,신월동,신목동파라곤,2024,오목로,37.5290495,126.8335466,대한민국 서울 양천구 신월동
서울 양천구,신월동,신정두산위브,2012,신월로20길,37.5290495,126.8335466,대한민국 서울 양천구 신월동
서울 양천구,신정동,세양청마루,2006,목동남로2길,37.5163163,126.8634455,대한민국 서울 양천구 신정동
서울 양천구,신정동,신정현대5,1999,신정로,37.5082229,126.840326,대한민국 서울 양천구 신정동 신정로
서울 양천구,신정동,신트리1,1999,신정로,37.5082229,126.840326,대한민국 서울 양천구 신정동 신정로
서울 양천구,신정동,신트리4,2000,신정로,37.5082229,126.840326,대한민국 서울 양천구 신정동 신정로
서울 영등포구,대림동,보라매 신동아 파밀리에,2016,디지털로,37.4967202,126.9011231,대한민국 서울 영등포구 대림동
서울 영등포구,도림동,동아에코빌,2000,도림로,37.5112921,126.8982913,대한민국 서울 영등포구 도림동 도림로
서울 영등포구,문래동4가,문래동삼환,2001,도림로143길,37.5144383,126.8907891,대한민국 서울 영등포구 문래동4가 도림로143길
서울 영등포구,문래동6가,대원,1998,문래로4길,37.5189937,126.8833408,대한민국 서울 영등포구 문래동6가 문래로4길
서울 영등포구,문래동6가,문래미원,1996,문래로8길,37.5194988,126.8858707,대한민국 서울 영등포구 문래동6가 문래로8길
서울 영등포구,문래동6가,문래베어스타운,1997,선유서로,37.5182313,126.88445,대한민국 서울 영등포구 문래동6가 선유서로
서울 영등포구,문래동6가,현대2차,1987,문래로4길,37.5189937,126.8833408,대한민국 서울 영등포구 문래동6가 문래로4길
서울 영등포구,양평동1가,한신공영,1996,영등포로12길,37.5214309,126.8874809,대한민국 서울 영등포구 양평동1가 영등포로12길
서울 영등포구,양평동3가,삼천리,2000,선유서로,37.5264469,126.88644,대한민국 서울 영등포구 양평동3가 선유서로
서울 영등포구,양평동3가,삼호,1998,선유로,37.5264549,126.8917773,대한민국 서울 영등포구 양평동3가 선유로
서울 영등포구,양평동3가,양평역미소지움,2018,양산로,37.5252663,126.888465,대한민국 서울 영등포구 양평동3가 양산로
서울 영등포구,양평동5가,동보,1998,양평로23길,37.5374625,126.8912516,대한민국 서울 영등포구 양평동5가 양평로23길
서울 영등포구,양평동6가,동양,2000,양평로30가길,37.5424967,126.8906357,대한민국 서울 영등포구 양평동6가 양평로30가길
서울 용산구,효창동,아인하우스,2012,효창원로70길,37.5417588,126.9635889,대한민국 서울 용산구 효창동 효창원로70길
서울 은평구,불광동,북한산래미안아파트(1단지),2010,진흥로,37.6106964,126.9398781,대한민국 서울 은평구 불광동 진흥로
서울 은평구,불광동,북한산래미안아파트(2단지),2010,진흥로,37.6106964,126.9398781,대한민국 서울 은평구 불광동 진흥로
서울 은평구,불광동,북한산현대홈타운,2004,불광로2길,37.6119759,126.9324871,대한민국 서울 은평구 불광동 불광로2길
서울 은평구,불광동,북한산현대힐스테이트3차아파트,2010,불광로,37.6109348,126.9306324,대한민국 서울 은평구 불광동 불광로
서울 은평구,불광동,북한산힐스테이트1차아파트,2009,불광로2길,37.6119759,126.9324871,대한민국 서울 은평구 불광동 불광로2길
서울 은평구,불광동,북한산힐스테이트7차,2011,통일로,37.612423,126.9284188,대한민국 서울 은평구 불광동 통일로
서울 은평구,불광동,불광롯데캐슬,2018,불광로,37.6109348,126.9306324,대한민국 서울 은평구 불광동 불광로
서울 은평구,수색동,청구,2000,증산로1길,37.5851873,126.8948584,대한민국 서울 은평구 수색동
서울 은평구,역촌동,센트레빌아스테리움시그니처,2026,갈현로7길,37.6034521,126.9097219,대한민국 서울 은평구 역촌동 갈현로7길
서울 은평구,응암동,e편한세상백련산,2022,백련산로,37.594284,126.9230477,대한민국 서울 은평구 응암동 백련산로
서울 은평구,응암동,백련산에스케이뷰아이파크,2020,응암로30길,37.5964792,126.9204159,대한민국 서울 은평구 응암동 응암로30길
서울 은평구,응암동,백련산파크자이,2021,백련산로,37.594284,126.9230477,대한민국 서울 은평구 응암동 백련산로
서울 은평구,응암동,백련산해모로,2020,응암로30길,37.5964792,126.9204159,대한민국 서울 은평구 응암동 응암로30길
서울 은평구,응암동,백련산힐스테이트1차,2011,백련산로2길,37.5907508,126.9245029,대한민국 서울 은평구 응암동 백련산로2길
서울 은평구,응암동,백련산힐스테이트4차,2018,백련산로,37.594284,126.9230477,대한민국 서울 은평구 응암동 백련산로
서울 은평구,증산동,DMC우방,2000,증산로3길,37.5809026,126.9052353,대한민국 서울 은평구 증산동 증산로3길
서울 은평구,진관동,박석고개1단지힐스테이트(101~111동)BL2-12,2009,진관1로,37.632951,126.9201794,대한민국 서울 은평구 진관동 진관1로
서울 은평구,진관동,박석고개1단지힐스테이트(116~131동)BL2-1,2009,진관1로,37.632951,126.9201794,대한민국 서울 은평구 진관동 진관1로
서울 종로구,숭인동,종로청계힐스테이트,2009,숭인동길,37.5786244,127.0212923,대한민국 서울 종로구 숭인동 숭인동길
서울 종로구,창신동,두산,1999,지봉로5길,37.57595,127.01313,대한민국 서울 종로구 창신동
서울 중구,신당동,신당동파라다이스,2000,다산로42나길,37.5651969,127.01322,대한민국 서울 중구 신당동
서울 중구,황학동,롯데캐슬,2008,청계천로,37.5716814,127.0211742,대한민국 서울 중구 황학동 청계천로
서울 중랑구,면목동,쌍용더플래티넘용마산,2020,용마산로,37.5821512,127.0934472,대한민국 서울 중랑구 면목동 용마산로
서울 중랑구,면목동,용마산하늘채,2015,용마산로,37.5821512,127.0934472,대한민국 서울 중랑구 면목동 용마산로
서울 중랑구,면목동,한양수자인사가정파크,2019,사가정로72길,37.5817944,127.0910424,대한민국 서울 중랑구 면목동
서울 중랑구,묵동,이편한세상화랑대,2017,숙선옹주로,37.6152492,127.0783243,대한민국 서울 중랑구 묵동 숙선옹주로
서울 중랑구,상봉동,프레미어스엠코,2013,망우로,37.5974259,127.0891826,대한민국 서울 중랑구 상봉동 망우로
서울 중랑구,중화동,한신아파트상가동유치원동(103~109),1997,동일로,37.5950043,127.0802785,대한민국 서울 중랑구 중화동 동일로
